title,excerpt,companyName,companySlug,companyLogo,employmentType,minSalary,maxSalary,salaryPeriod,seniority,currency,locationRestrictions,timezoneRestrictions,categories,parentCategories,description,pubDate,expiryDate,applicationLink,guid
Senior Director - Food Safety Marketing,It's fun to work in a company where people truly believe in what they are doing!,Neogen Corporation,neogen-corporation,https://cdn-images.himalayas.app/gfijz9rzx2bgcq12tb6rjjyj0tsf,Full Time,,,annual,['Director'],,"['Australia', 'Canada', 'New Zealand', 'United States']","[-10, -9, -8, -7, -6, -5, -4, -3.5, 8, 8.75, 9, 9.5, 10, 10.5, 12, 12.75, 14]","['Marketing-Director', 'Food-Safety-Marketing', 'Commercial-Marketing-Director', 'Portfolio-Marketing', 'Director-Of-Food-Safety', 'Senior-Marketing-Director', 'Senior-Director-Of-Communications-Marketing', 'Senior-Director-Product-Marketing', 'Senior-Director-Of-Product-Marketing']",['Marketing'],"<p>It's fun to work in a company where people truly believe in what they are doing!</p><div>
<p>Neogen is seeking a strategic, results-driven<b>Senior Director, Food Safety Marketing</b>to lead commercial marketing for our Food Safety business across the United States, Canada, and Australia/New Zealand. This senior leadership role will translate global portfolio and product strategies into regional go-to-market plans, differentiated customer value propositions, and integrated demand-generation programs that drive measurable growth.<br><br>You will lead a multidisciplinary marketing team and collaborate closely with Sales, Product Management, Finance, Regulatory, Operations, and Global Marketing to advance food safety solutions that support customers throughout the global supply chain.</p>
<h3>Key Responsibilities</h3>
<ul>
<li>Develop and execute regional commercial marketing and go-to-market strategies for Neogen's food safety diagnostics portfolio across the United States, Canada, and Australia/New Zealand.</li>
<li>Translate global portfolio, product, and brand strategies into locally relevant plans informed by customer needs, market dynamics, competitive intelligence, and growth opportunities.</li>
<li>Lead market segmentation, customer research, competitive analysis, and TAM/SAM/SOM assessments to establish strategic priorities and guide investment decisions.</li>
<li>Define customer value propositions, positioning, and messaging, and oversee integrated campaigns that build awareness, generate qualified demand, strengthen pipeline, and support revenue growth.</li>
<li>Partner with Sales leadership to improve commercial effectiveness through customer-focused content, sales enablement tools, training, activation plans, and customer programs.</li>
<li>Lead, coach, and develop a team of approximately 13 professionals while managing marketing budgets, performance metrics, technology platforms, and resources to maximize business impact.</li>
</ul>
<h3>Job Requirements</h3>
<ul>
<li>Bachelor's degree in marketing, business, life sciences, or a related field, or an equivalent combination of education and relevant experience.</li>
<li>Significant progressive marketing leadership experience in commercial marketing, portfolio marketing, demand generation, go-to-market strategy, or related disciplines.</li>
<li>Demonstrated success translating business, product, or portfolio strategy into measurable regional marketing plans and commercial outcomes.</li>
<li>Experience leading and developing multidisciplinary teams within a complex, matrixed, and cross-functional organization.</li>
<li>Strong expertise in market segmentation, customer insights, competitive analysis, opportunity sizing, integrated campaign development, and marketing performance measurement.</li>
<li>Experience using CRM, marketing automation, and sales enablement platforms; familiarity with Salesforce, Eloqua, Seismic, or comparable tools is preferred. Ability to travel as business needs require.</li>
</ul>
<p>Preferred qualifications include an advanced degree and experience in food safety, food and beverage, diagnostics, life sciences, laboratory products, or another regulated business-to-business environment. Experience supporting multi-country commercial organizations, launching products, managing complex portfolios, and working with direct-sales and distributor channels is also valued.</p>
<h3>What We Offer</h3>
<ul>
<li>The opportunity to shape commercial marketing strategy for a business advancing food safety and quality across global supply chains.</li>
<li>A collaborative, cross-functional environment with meaningful partnership across regional and global teams.</li>
<li>The ability to lead, mentor, and develop a talented multidisciplinary marketing organization.</li>
<li>Meaningful work connecting innovative food safety solutions with customers' operational, quality, and compliance needs.</li>
<li>Opportunities for professional growth, leadership development, and strategic business impact.</li>
<li>A standard benefits package.</li>
</ul>
<p>Neogen is committed to building an inclusive workplace where qualified individuals are considered for employment without regard to legally protected characteristics. If you are a strategic marketing leader with the commercial insight, collaborative leadership style, and customer focus to help drive growth in food safety, we'd love to hear from you. Join our team and help deliver solutions that support safer food worldwide.</p>
</div>Come Be Part Of A Mission that Matters!<p>From inside the farm gate to our dinner plates, Neogen protects the world’s food supply. Through a variety of animal healthcare products, to food safety solutions for dangerous bacteria, allergens, toxins, drug residues and much more, Neogen is there — and you can be too.</p><p>Originally posted on <a href=""https://himalayas.app"">Himalayas</a></p>",1790521011,1795705010,https://himalayas.app/companies/neogen-corporation/jobs/senior-director-food-safety-marketing,https://himalayas.app/companies/neogen-corporation/jobs/senior-director-food-safety-marketing
"Acumatica Accounts Assistant and Bookkeeping  (AU Dayshift, WFH-Philippines)","Category: Construction Location: PERMANENT DAYSHIFT, REMOTE/WFH - PHILIPPINES JOB DESCRIPTION: Virtual Assistant - Accounts Assistant and Bookkeeping Client : AU Civil Construction Tasks: Bookkeeping using Acumatica Working hours: Between 9-5PM NSW Target start date: ASAP Fulltime at 40 hours weekly VA rate: $8-9AUD per hour Purpose:The position is for a professional in charge of maintaining budgets and records.",Scale-X Solutions,scale-x-solutions,,Full Time,8.0,9.0,hourly,['Entry-level'],AUD,['United States'],"[-10, -9, -8, -7, -6, -5, 14]","['Accounts-Assistant', 'Bookkeeping', 'Virtual-Assistant', 'Accounting', 'Data-Entry', 'Remote-Accounting-Assistant', 'Home-Based-Accounting-Assistant', 'Remote-Junior-Accountant', 'Remote-Accounting-Jobs', 'Remote-Entry-Level-Bookkeeper', 'Philippines-Accounting', 'Finance']","['Human Resources', 'Finance']","Category: Construction <br><br>Location: <br><br><br><div>
<b>PERMANENT DAYSHIFT, REMOTE/WFH - PHILIPPINES</b><br>
</div><div><b>JOB DESCRIPTION: Virtual Assistant - Accounts Assistant and Bookkeeping<br>Client : AU Civil Construction <br>Tasks: Bookkeeping using Acumatica<br></b></div><div><b>Working hours: Between 9-5PM NSW<br></b></div><div><b>Target start date: ASAP<br></b></div><div>
<div><b>Fulltime at 40 hours weekly<br></b></div>
<div><b>VA rate: $8-9AUD per hour<br><br></b></div>
</div><div><b><b>Purpose:</b>The position is for a professional in charge of maintaining budgets and records. They also prepare invoices on behalf of clients or employers. Those in this role will be helping with day-to-day tasks related directly to their field, which means that precision is essential. They also support by performing clerical tasks, including processing and recording transactions, preparing reports and budgets, fielding communications with clients and vendors, fact-checking, filing, and other duties, as<br></b></div><div><b>needed.<br><br></b></div><div><b><b>Job Qualifications:</b><ul>
<li>Work experience as an Accounting Assistant<br>
</li>
<li>Excellent communication skills<br>
</li>
<li>Knowledge of basic bookkeeping procedures<br>
</li>
<li>Familiarity with finance regulations in Australia is a must<br>
</li>
<li>Good math skills and the ability to spot numerical errors<br>
</li>
<li>Organization skills<br>
</li>
<li>Ability to handle sensitive, confidential information<br>
</li>
<li>Proficient in Acumatica is a MUST (any country outside of AU is ok)<br>
</li>
<li>Knowledge on inter company invoicing<br>
</li>
<li>Civil construction and commercial building industry is preferred<br>
</li>
</ul>
<div>Duties and Responsibilities:<br>
</div>
<ul>
<li>Basic data entry tasks for accounting assistants include logging transactions, recording and<br>
</li>
</ul>
<div>reviewing journal entries, and crafting spreadsheets.<br>
</div>
<ul>
<li>Bookkeeping and bank reconciliations<br>
</li>
<li>Payroll, AR and AP management<br>
</li>
<li>Uploading invoices from email to Acumatica<br>
</li>
<li>Sending weekly reports from Acumatica with any pressing items.<br>
</li>
<li>Preparing quarterly reports and assisting in year-end audits<br>
</li>
<li>Communicate with vendors and customers about invoices and payments. This could be by email or phone.<br>
</li>
<li>Reconciling invoices and identifying discrepancies from suppliers and vendors<br>
</li>
<li>Creating and updating expense reports<br>
</li>
<li>Processing reimbursement forms<br>
</li>
<li>Ad hoc admin tasks<br>
</li>
<li>Data entry to Acumatica<br>
</li>
<li>Reconciliation of equipment hours on a weekly basis<br>
</li>
</ul>
<br><br><br><br>Details</b></div><p>Originally posted on <a href=""https://himalayas.app"">Himalayas</a></p>",1790520977,1795704977,https://himalayas.app/companies/scale-x-solutions/jobs/acumatica-accounts-assistant-and-bookkeeping-au-dayshift-wfh-philippines,https://himalayas.app/companies/scale-x-solutions/jobs/acumatica-accounts-assistant-and-bookkeeping-au-dayshift-wfh-philippines
Acquisition Liaison/Contract Specialist,USFS is an ISO 9001 management consulting firm with headquarters in the National Capital Region and offices and staff in 12 US states.,US Federal Solutions,us-federal-solutions,,Full Time,,,annual,['Mid-level'],,['United States'],"[-10, -9, -8, -7, -6, -5, 14]","['Contract-Specialist', 'Acquisition-Specialist', 'Contracting-Officers', 'Procurement-Specialist', 'Federal-Acquisition-Professional', 'Procurement-Contracts-Specialist', 'Contracts-and-Procurement-Specialist', 'Acquisition-Support-Specialist', 'Government-Contracts-Specialist', 'Federal-Acquisition-Specialist', 'Contracts-Specialist', 'Contract-Development-Specialist', 'Contracts-Coordinator', 'Contract-Management-Specialist', 'Supply-Chain-Contracts-Specialist']",['Logistics'],"<p>USFS is an ISO 9001 management consulting firm with headquarters in the National Capital Region and offices and staff in 12 US states.  USFS staff average 10+ years of professional experience, over 80 percent of our staff have bachelor’s degrees, and over half have advanced degrees in business and technology. USFS was founded in 2010 and provides financial management, acquisition management, program management, and data analytic support services to federal and state governments. </p><p>Acquisition Liaison</p><h3>Federal Transit Administration Support</h3><p>Location: Washington, DC / Primarily Remote</p><h3>Company: <a href=""https://himalayas.app/companies/us-federal-solutions"">US Federal Solutions</a>
</h3><h3>Why Join <a href=""https://himalayas.app/companies/us-federal-solutions"">US Federal Solutions</a>
</h3><p><a href=""https://himalayas.app/companies/us-federal-solutions"">US Federal Solutions</a> (USFS) is a management consulting firm supporting federal agencies with acquisition management, financial management, program management, and data analytics services. We are seeking an experienced Acquisition Liaison to support the Federal Transit Administration’s Office of Acquisition Management.</p><p>This role is well suited for a federal acquisition professional who can serve as a trusted bridge between program offices and contracting personnel. The successful candidate will help customers develop complete acquisition packages, strengthen requirements documentation, track procurement actions, support acquisition planning, and coordinate activities throughout the acquisition lifecycle.</p><h3>What You Will Do</h3><p>As an Acquisition Liaison, you will provide federal acquisition subject matter expertise to program and technical staff supporting service and commercial requirements. You will work closely with Contracting Officers, Contract Specialists, Contracting Officer’s Representatives, program offices, and technical subject matter experts to help move procurement actions from initial planning through award, administration, and closeout.</p><h3>Key Responsibilities</h3><ul>
<li>Provide federal acquisition support to program and technical offices throughout the full acquisition lifecycle.</li>
<li>Serve as a liaison between program personnel and acquisition professionals to help ensure procurement requirements are properly developed, documented, coordinated, and submitted.</li>
<li>Assist program offices with preparing purchase request packages for entry into contracting systems.</li>
<li>Review purchase request packages to verify that required supporting documentation is complete and appropriate for the intended procurement action.</li>
<li>Review acquisition packages prior to submission to the Acquisition Office for completeness, accuracy, and compliance with applicable acquisition requirements.</li>
<li>Assist with reviewing existing contracts for compliance with applicable laws, regulations, policies, and contractual requirements.</li>
<li>Work closely with program professionals and technical subject matter experts to develop acquisition documentation and support acquisition planning activities.</li>
<li>Assist with development of acquisition plans, Statements of Work, Statements of Objectives, Performance Work Statements, functional requirements, specifications, market research reports, determinations and findings, exception to fair opportunity documentation, and justifications and approvals.</li>
<li>Assist with development of Independent Government Cost Estimates and market research used to support IGCEs or business case models.</li>
<li>Support cost and price analysis activities as required.</li>
<li>Apply knowledge of various contract types, including Firm-Fixed Price, Cost-Reimbursable, Labor Hour, and Time and Materials.</li>
<li>Support acquisition and contract administration activities involving IDIQ contracts, task orders, delivery orders, Blanket Purchase Agreements, call orders, purchase orders, and Inter/Intra-Agency Agreements.</li>
<li>Assist with recurring contract administration functions in support of both program and acquisition offices.</li>
<li>Participate in meetings involving program offices and acquisition personnel and document relevant discussions, decisions, action items, and acquisition requirements.</li>
<li>Communicate effectively with stakeholders at multiple organizational levels using written, verbal, and electronic communication methods.</li>
<li>Analyze complex acquisition issues and support their resolution through coordination with appropriate Government stakeholders.</li>
<li>Validate acquisition and contract data and assist with tasks necessary to support solicitation, award, administration, and modification of contractual actions.</li>
<li>Assist with preparing contract actions for closeout and coordinating information for submission to Government closeout teams.</li>
<li>Maintain current electronic tracking spreadsheets showing the status of supported contract and acquisition actions.</li>
<li>Track contract funding levels and coordinate with Contracting Officer’s Representatives and Contract Specialists to communicate funding status and related information.</li>
<li>Conduct or support market research and analysis relevant to planned acquisitions.</li>
<li>Assist with development of source selection evaluation criteria when required.</li>
<li>Coordinate with technical experts and contracting personnel to ensure project milestones are appropriately reflected in contractual documents and project plans.</li>
<li>Assist with acquisition-related reporting requirements and other assigned procurement support activities.</li>
</ul><h3>Requirements</h3><h3>Required Qualifications</h3><ul>
<li>Bachelor of Arts or Bachelor of Science degree, or higher degree.</li>
<li>At least 5 years of relevant federal acquisition or contracting experience.</li>
<li>Demonstrated knowledge and hands-on experience applying the Federal Acquisition Regulation to federal procurements.</li>
<li>Federal acquisition knowledge and experience comparable to FAC-C Level II competencies.</li>
<li>Experience supporting acquisition actions from planning through award, administration, and closeout.</li>
<li>Experience preparing and reviewing federal acquisition packages and purchase request documentation.</li>
<li>Experience developing or supporting Statements of Work, Statements of Objectives, Performance Work Statements, acquisition plans, market research documentation, and related procurement materials.</li>
<li>Experience with multiple contract types, including Firm-Fixed Price, Cost-Reimbursable, Labor Hour, and Time and Materials.</li>
<li>Experience supporting IDIQ contracts, BPAs, task orders, delivery orders, call orders, and purchase orders.</li>
<li>Experience applying acquisition procedures associated with FAR Parts 12, 13, 15, 37, and 43, as well as contract closeout requirements.</li>
<li>Experience conducting or supporting federal market research.</li>
<li>Understanding of cost and price analysis concepts.</li>
<li>Ability to independently analyze acquisition assignments and provide meaningful feedback and recommendations.</li>
<li>Strong written and verbal communication skills.</li>
<li>Strong organizational, analytical, and problem-solving skills.</li>
<li>Proficiency with Microsoft Word, Outlook, Excel, and Teams.</li>
<li>Experience using Google Workspace applications such as Calendar, Sheets, Chat, Gmail, Docs, Slides, Drive, and Meet.</li>
</ul><h3>Preferred Qualifications</h3><ul>
<li>Experience using PRISM or another federal contract writing system.</li>
<li>Experience using General Services Administration Market Research as a Service or other federal market research tools.</li>
<li>Experience with Federal Supply Schedule acquisitions.</li>
<li>Experience using SharePoint.</li>
<li>Experience working with Customer Relationship Management systems.</li>
<li>Experience supporting the Department of Transportation, Federal Transit Administration, or another federal civilian agency.</li>
</ul><h3>Benefits</h3><ul>
<li>Employer-provided paid Medical / Dental / Vision insurance.</li>
<li>Employer matching 401K plan.</li>
<li>PTO</li>
<li>11 Federal Holidays</li>
<li>Additionally voluntary benefits to include Short / Long Term Disability, Term Life, and AD&amp;D Insurance.</li>
</ul><p>Originally posted on <a href=""https://himalayas.app"">Himalayas</a></p>",1790520952,1795704952,https://himalayas.app/companies/us-federal-solutions/jobs/acquisition-liaison-contract-specialist,https://himalayas.app/companies/us-federal-solutions/jobs/acquisition-liaison-contract-specialist
Senior Account Manager,About AMZ Advisers:AMZ Advisers is a digital media marketing agency focused on developing and implementing strategic marketing plans for the global Amazon marketplaces.,AMZ Advisers,amz-advisers,https://cdn-images.himalayas.app/wd7hgjl8521uvxmm3227ss2r9kac,Full Time,,,annual,['Senior'],,['Ireland'],[1],"['Senior-Account-Manager', 'Account-Manager', 'Customer-Success-Manager', 'Digital-Marketing-Account-Manager', 'E-Commerce-Account-Manager', 'Senior-Account-Management']","['Sales', 'Customer Service']","<h3>About <a href=""https://himalayas.app/companies/amz-advisers"">AMZ Advisers</a>:</h3><p><a href=""https://himalayas.app/companies/amz-advisers"">AMZ Advisers</a> is a digital media marketing agency focused on developing and implementing strategic marketing plans for the global Amazon marketplaces. Working at <a href=""https://himalayas.app/companies/amz-advisers"">AMZ Advisers</a> allows you to apply your skills, expertise, and passions to directly impact the lives and business of other people and entrepreneurs. Our staff solves dynamic, quickly evolving problems with our Founders, in-house team, and network of partnered tech companies.  Our Account Management team is organized into pods, consisting of Senior Account Managers (SAMs), Junior Account Managers (JAMs), and Apprentices and Interns.  This structure fosters knowledge sharing, mentorship, and continuous learning.</p><h3>About the Role:</h3><p>We’re seeking a driven and self-motivated problem solver with exceptionally strong communication skills and the ability to build long-lasting client relationships.  We offer a fast-paced, challenging, and creative environment where you will be provided the opportunity to sharpen your analytical, communication, and strategic development skills.  You will be offered resources and growth opportunities to learn more about online marketing to enhance your professional career.</p><p>The ideal candidate is an independent thinker who can confidently manage multiple Amazon Seller and Vendor Central accounts while leading client relationships with a high level of ownership and professionalism. As an Account Manager, this person will be responsible for building strong strategies, guiding clients through clear and proactive communication, and ensuring their portfolio is progressing toward the right goals. They should be comfortable working closely with their Brand Strategist and cross-functional pod members, while taking the lead on day-to-day account direction, strategic execution, and client success.</p><p>This is a fully remote position.  If hired, you will join a company with an amazing and talented staff. </p><h3>What You’ll Do:</h3><h3><strong>General Responsibilities</strong></h3><ul>
<li><p>Manage a portfolio of clients, gradually growing to approximately 10 accounts, while maintaining a high retention rate.</p></li>
<li><p>Build strong, long-term client relationships through clear, proactive, and confident communication.</p></li>
<li><p>Serve as the primary point of contact for clients, ensuring they feel informed, supported, and strategically guided at all times.</p></li>
<li><p>Set clear expectations with clients and manage those expectations throughout the lifecycle of the account.</p></li>
<li><p>Conduct regular strategy calls with clients to review performance, communicate progress, explain results, and align on upcoming priorities.</p></li>
<li><p>Build, track, and monitor KPIs for all accounts under personal portfolio management.</p></li>
<li><p>Conduct audits of client accounts and use data to identify opportunities, blockers, and areas for improvement.</p></li>
<li><p>Develop strategic growth plans tailored to each client’s goals, lifecycle stage, and account conditions.</p></li>
<li><p>Proactively identify and recommend strategies to improve account performance across sales, traffic, conversion, profitability, inventory, content, and advertising.</p></li>
<li><p>Report on account progress, key action items, and next-step priorities in a clear and organized way.</p></li>
<li><p>Plan, coordinate, and oversee promotions, launches, and marketplace initiatives in alignment with the broader account strategy.</p></li>
<li><p>Coordinate the resolution of account issues by working with internal teams and escalating through the appropriate channels when needed.</p></li>
<li><p>Use internal and external software tools to analyze account performance and support strategy development.</p></li>
<li><p>Work cross-functionally with Ads, Specialists, Content, Onboarding, and Strategists to ensure strategies are executed effectively and aligned to client goals.</p></li>
<li><p>Attend Account Management meetings, trainings, and ongoing development sessions on a weekly or bi-weekly basis.</p></li>
<li><p>Participate in daily stand-up meetings to raise blockers, align on priorities, and maintain execution momentum.</p></li>
</ul><h3><strong>Strategy Ownership</strong></h3><ul>
<li><p>Conduct account audits and turn findings into clear, actionable strategies.</p></li>
<li><p>Build client strategies based on data, marketplace trends, account health, business goals, and realistic opportunity areas.</p></li>
<li><p>Understand how to prioritize focus SKUs based on performance, profitability, traffic potential, conversion, and growth opportunity.</p></li>
<li><p>Adjust strategies as needed based on data, seasonality, competitive changes, and evolving client objectives.</p></li>
<li><p>Ensure every recommendation has a clear reason behind it and can be explained confidently to the client.</p></li>
</ul><h3><strong>Advertising &amp; Amazon Knowledge</strong></h3><ul>
<li><p>Maintain a strong working knowledge of Amazon as a whole, including traffic, conversion, listing quality, profitability, inventory, account health, and category dynamics.</p></li>
<li><p>Understand Amazon advertising strategy well enough to contribute meaningfully to planning, decision-making, and client communication.</p></li>
<li><p>Be able to interpret ad performance, identify high-level opportunities or inefficiencies, and connect advertising decisions to the broader business strategy.</p></li>
<li><p>Work closely with the Ads team and Strategist to align ad direction with overall account goals, whether those goals are growth, profitability, ranking, launch velocity, or market share.</p></li>
<li><p>Communicate ad strategy and performance to clients in a way that is clear, accurate, and tied back to business outcomes.</p></li>
</ul><h3><strong>Pod Collaboration</strong></h3><ul>
<li><p>Work closely with the Brand Strategist within the pod to refine account strategy, validate recommendations, and escalate higher-level concerns when needed.</p></li>
<li><p>Collaborate with pod members regularly through meetings, brainstorming sessions, and strategy discussions.</p></li>
<li><p>Keep internal teams aligned by ensuring priorities, deadlines, and strategic direction are clearly communicated.</p></li>
<li><p>Support a collaborative pod environment where ideas, blockers, and opportunities are surfaced early.</p></li>
</ul><h3><strong>Client Communication &amp; Relationship Management</strong></h3><ul>
<li><p>Lead proactive, transparent, and solutions-oriented communication with clients.</p></li>
<li><p>Build trust by not only reporting on what happened, but clearly explaining why it happened, what it means, and what should happen next.</p></li>
<li><p>Be able to handle difficult conversations, performance concerns, and conflicting client goals with confidence and professionalism.</p></li>
<li><p>Guide clients toward the right strategic decisions, even when those decisions require pushback or expectation resetting.</p></li>
<li><p>Ensure clients feel that their accounts are being actively managed, thoughtfully reviewed, and strategically guided.</p></li>
<li><p>Encourage client feedback and use it to strengthen the relationship and improve the service experience.</p></li>
<li><p>Help identify retention risks early and take action before they become larger client issues.</p></li>
</ul><h3><strong>Check-ins, Accountability &amp; Growth Opportunities</strong></h3><ul>
<li><p>Regularly review account progress and raise issues, risks, or missed opportunities early.</p></li>
<li><p>Stay proactive in identifying upsell and expansion opportunities where appropriate.</p></li>
<li><p>Take ownership of account outcomes and maintain strong follow-through on action items.</p></li>
<li><p>Continuously look for ways to improve account performance, internal processes, and the client experience.</p></li>
</ul><h3>How We’ll Measure Success</h3><ul>
<li><p>Retention Rate - Percentage of retained clients from month to month.</p></li>
<li><p>Blocker/ Conflict Resolution Time - Monitor and decrease the time taken to resolve client issues or blockers.</p></li>
<li><p>Client Communication - Assess the quality and frequency of client interactions for improved satisfactions.</p></li>
<li><p>Strategy Effectiveness - Evaluate the success of client strategies considering feedback and performance metrics.</p></li>
</ul><h3>Qualifications:</h3><ul>
<li><p>BA in Marketing, Business Development, Management, or other related studies.</p></li>
<li><h3>2+ years with client account management.</h3></li>
<li><p>2+ years digital marketing or eCommerce experience.</p></li>
<li><p>1+ year experience with Amazon Seller and or Vendor Central.</p></li>
<li><p>Ability to build and maintain client relations.</p></li>
<li><p>Active listening and the ability to understand client needs.</p></li>
<li><p>Proactive, go-getter mindset who functions well within a team setting but can work independently.</p></li>
<li><p>Strong ability to think outside the box, willingness to test new ideas, and develop and implement growth strategies.</p></li>
<li><p>Strong time management skills and the ability to multitask.</p></li>
<li><h3>Ability and desire to learn new skills.</h3></li>
</ul><h3>Technologies We Use:</h3><ul>
<li><p>G-Suite: Gmail, Google Drive, Google Meets, Google Docs, Sheets, and Slides</p></li>
<li><h3>Microsoft: Word, Excel, and PowerPoint</h3></li>
<li><h3>ClickUp</h3></li>
<li><h3>Nordpass</h3></li>
<li><h3>Slack</h3></li>
<li><h3>Sellerboard</h3></li>
<li><h3>Data Dive</h3></li>
<li><h3>Zoom</h3></li>
</ul><h3>To Apply Please Include the Following:</h3><ul>
<li><p>Your CV/ Resume in English (ONLY English Resumes will be considered)</p></li>
<li><p>Two references who can attest to your competency in this line of work</p></li>
<li>Answers to the following questions:<ul>
<li><p>Describe your experience with Amazon Seller or Vendor Central.</p></li>
<li><p>Do you have any experience leading a team?</p></li>
<li><p>Why are you interested in a new job/ this position?</p></li>
<li><p>Describe a situation in your career in which you were faced with a challenging problem and how you overcame it.</p></li>
</ul>
</li>
</ul><p>Originally posted on <a href=""https://himalayas.app"">Himalayas</a></p>",1790520952,1795704951,https://himalayas.app/companies/amz-advisers/jobs/senior-account-manager-7775617885,https://himalayas.app/companies/amz-advisers/jobs/senior-account-manager-7775617885
Project Manager,"Category: Management Location: This is a Brand Management position that facilitates and tactically acts upon the project management in the PPC, SEO & Copy, Design, and Catalog Merchandising or Troubleshooting services we offer to clients, to ensure work and services are concluded timely.",My Amazon Guy,my-amazon-guy,,Full Time,,,annual,['Manager'],USD,['United States'],"[-10, -9, -8, -7, -6, -5, 14]","['Project-Manager', 'Brand-Manager', 'Digital-Marketing-Manager', 'Operations-Manager', 'Amazon-Marketing-Manager', 'Project-Management', 'Project-Management-Project-Managers', 'Project-Program-Manager', 'Projektmanager', 'Project-Planning-Manager']","['Operations', 'Marketing']","Category: Management <br><br>Location: <br><br><br><div>This is a Brand Management position that facilitates and tactically acts upon the project management in the PPC, SEO &amp; Copy, Design, and Catalog Merchandising or Troubleshooting services we offer to clients, to ensure work and services are concluded timely. The main goal of this role is to eliminate any roadblock that prevents any specialist or team member in the team from completing the projects. <br>
</div><div>
<b>About <a href=""https://himalayas.app/companies/my-amazon-guy"">My Amazon Guy</a></b><br>
</div><div>
<a href=""https://himalayas.app/companies/my-amazon-guy"">My Amazon Guy</a> is a growing digital marketing agency with more than 500 employees and clients! We are engaging, rewarding, and innovative. Our company’s goal is to grow sales while giving our clients the peace of mind that everything on Amazon is taken care of.<br>
</div><div>
<b>Key Responsibilities</b><br>
</div><ul>
<li>Delegate, distribute, and monitor tasks to ensure proper workload balance and MAG standards are met<br>
</li>
<li>Identify project roadblocks and escalate to the Brand Manager or affected team members<br>
</li>
<li>Regularly review client and guild project boards to confirm tasks are progressing<br>
</li>
<li>Report to the Brand Manager when more tasks are needed and track team productivity<br>
</li>
<li>Apply sheet management skills and tech savviness to improve efficiency<br>
</li>
<li>Produce sales, advertising, and SEO reports; assist with catalog merchandising/troubleshooting (manual updates, uploads, flat files)<br>
</li>
<li>Work with company tools to create/revise client copy and support compliance/QA reviews<br>
</li>
<li>Hold team members accountable for task completion and deliverables<br>
</li>
<li>Liaise with colleagues to ensure high-quality client service<br>
</li>
<li>Attend client calls, provide meeting notes, and respond promptly to urgent messages<br>
</li>
</ul><br><h3>Requirements</h3><ul>
<li>Proven leadership experience in delegating tasks, managing workloads, and holding team members accountable<br>
</li>
<li>Strong organizational skills with the ability to oversee multiple projects, monitor productivity, and identify roadblocks early<br>
</li>
<li>Skilled in coaching, guiding, and supporting team members to ensure high performance and growth<br>
</li>
<li>Proficiency with project management tools, spreadsheets, and reporting (sales, advertising, SEO)<br>
</li>
<li>Knowledge of Amazon catalog management, including manual updates, uploads, and flat files<br>
</li>
<li>Ability to create and revise client-facing content, with attention to compliance and quality standards<br>
</li>
<li>Excellent communication skills to liaise with colleagues, lead client calls, and provide clear meeting documentation<br>
</li>
<li>Tech-savvy and adaptable, able to learn new systems and processes quickly<br>
</li>
</ul><div>
<b>Technical Requirements</b><ul>
<li>A computer with dual monitor setup is required<br>
</li>
<li>Computer with at least 8GB of RAM<br>
</li>
<li>Must have at least 25 MBPS internet speed<br>
</li>
<li>Camera with at least 1080p resolution<br>
</li>
</ul>
<br><h3>Benefits</h3>
<ul>
<li>40 hours a week, 8 hours a day<br>
</li>
<li>Competitive salary base<br>
</li>
<li>Permanent work-from-home setup<br>
</li>
<li>Unlimited FREE access to MAG School courses and SOP Library<br>
</li>
<li>Work schedule is in Eastern Standard Time (EST), Monday-Friday only<br>
</li>
<li>Opportunities for professional development and career advancement<br>
</li>
</ul>
<br><br><br><br>Details</div><p>Originally posted on <a href=""https://himalayas.app"">Himalayas</a></p>",1790520939,1795704938,https://himalayas.app/companies/my-amazon-guy/jobs/project-manager,https://himalayas.app/companies/my-amazon-guy/jobs/project-manager
Remote Finance & Accounting,Remote Finance & Accounting SpecialistGOAT Tutors is seeking an experienced and detail-oriented Finance & Accounting Specialist to join our team on a remote basis.,GOAT Tutors,goat-tutors,,Contractor,35.0,45.0,hourly,['Mid-level'],USD,['United States'],"[-10, -9, -8, -7, -6, -5, 14]","['Accountant', 'Finance-Specialist', 'Bookkeeper', 'Accounting-Specialist', 'Finance-And-Accounting-Specialist', 'Remote-Accounting', 'Remote-Finance', 'Remote-Finance-Roles', 'Remote-Finance-Work', 'Remote-Accountant', 'Remote-Accounting-Jobs', 'Remote-Finance-Specialist', 'Remote-Finance-Jobs', 'Finance']",['Finance'],"<div class=""description"">
<h3>Remote Finance &amp; Accounting Specialist</h3>
<p><strong><a href=""https://himalayas.app/companies/goat-tutors"">GOAT Tutors</a></strong> is seeking an experienced and detail-oriented <strong>Finance &amp; Accounting Specialist</strong> to join our team on a remote basis. This role is ideal for someone with strong bookkeeping, accounting, financial reporting, and general finance experience who can work independently and maintain accurate financial records.</p>
<h3>Position Details</h3>
<ul>
<li>
<strong>Position:</strong> Finance &amp; Accounting Specialist</li>
<li>
<strong>Work Arrangement:</strong> 100% Remote</li>
<li>
<strong>Pay:</strong> $35–$45 per hour</li>
<li>
<strong>Employment Type:</strong> Part-time or contract, with potential for ongoing work</li>
<li>
<strong>Schedule:</strong> Flexible, with availability during U.S. business hours preferred</li>
</ul>
<h3>Responsibilities</h3>
<ul>
<li>Maintain accurate financial and accounting records.</li>
<li>Record and categorize income, expenses, invoices, and payments.</li>
<li>Reconcile bank and credit-card accounts.</li>
<li>Prepare monthly financial statements and management reports.</li>
<li>Monitor accounts payable and accounts receivable.</li>
<li>Assist with budgeting, cash-flow tracking, and financial forecasting.</li>
<li>Review financial transactions for accuracy and completeness.</li>
<li>Maintain organized documentation and supporting financial records.</li>
<li>Assist with payroll-related accounting and expense tracking.</li>
<li>Support month-end and year-end closing activities.</li>
<li>Identify discrepancies and resolve accounting issues promptly.</li>
<li>Provide financial information and reports to management as requested.</li>
<li>Maintain confidentiality of company financial information.</li>
</ul>
<h3>Qualifications</h3>
<ul>
<li>2+ years of experience in accounting, bookkeeping, finance, or a related field.</li>
<li>Strong knowledge of basic accounting principles and financial reporting.</li>
<li>Experience with QuickBooks Online or similar accounting software.</li>
<li>Strong Excel/Google Sheets skills.</li>
<li>Excellent attention to detail and organization.</li>
<li>Ability to work independently in a remote environment.</li>
<li>Strong written and verbal communication skills.</li>
<li>Ability to meet deadlines and manage multiple priorities.</li>
</ul>
<h3>Preferred Qualifications</h3>
<ul>
<li>Bachelor's degree in Accounting, Finance, Business, or a related field.</li>
<li>CPA, CMA, or other relevant certification.</li>
<li>Experience working with small businesses, education companies, or service-based organizations.</li>
<li>Experience with budgeting, forecasting, and cash-flow management.</li>
</ul>
<h3>What We Offer</h3>
<ul>
<li>
<strong>$35–$45 per hour</strong>, based on experience and qualifications.</li>
<li>Fully remote work.</li>
<li>Flexible scheduling.</li>
<li>Opportunity for ongoing work as <a href=""https://himalayas.app/companies/goat-tutors"">GOAT Tutors</a> grows.</li>
<li>Collaborative and supportive team environment.</li>
</ul>
<h3>How to Apply</h3>
<p>Please submit your resume along with a brief description of your accounting/finance experience, software you have used (such as QuickBooks and Excel), and your availability.</p>
</div>Salary: $35 – $45 / hour<p>Originally posted on <a href=""https://himalayas.app"">Himalayas</a></p>",1790520924,1795704924,https://himalayas.app/companies/goat-tutors/jobs/remote-finance-accounting,https://himalayas.app/companies/goat-tutors/jobs/remote-finance-accounting
Remote Satellite Systems I&T Engineer,Red Canyon Software is looking for an enthusiastic and creative Satellite Systems I&T Engineer - HWIL/SWIL (Contract) to develop solutions for satellite integration and test.,Red Canyon Engineering & Software,red-canyon-engineering-software,,Contractor,50.0,70.0,hourly,['Mid-level'],USD,['United States'],"[-10, -9, -8, -7, -6, -5, 14]","['Satellite-Systems-Engineer', 'Spacecraft-Integration-and-Test-Engineer', 'Systems-Engineer', 'Test-Engineer', 'Aerospace-Engineer', 'Satellite-Systems-Engineering', 'Space-Systems-Engineer', 'Spacecraft-Systems-Engineer', 'Remote-Systems-Engineer']","['Operations', 'Developer']","<div>
<p>Red Canyon Software is looking for an enthusiastic and creative Satellite Systems I&amp;T Engineer - HWIL/SWIL (Contract) to develop solutions for satellite integration and test. We're looking for candidates who can bring exceptional engineering skills and strong experience in aerospace programs to the team.<br><strong><br>Position Responsibilities:</strong></p>
<p>The Satellite Systems I&amp;T Engineer (SEIT) will contribute to the development and execution of satellite verification and validation activities, including Flatsats, HWIL/SWIL environments, and simulators. In this role, the engineer will map technical requirements to verification and validation strategies, develop test plans, procedures, and automated test scripts, and execute and report software, subsystem, and system-level test results. The engineer will also support requirements decomposition and the development of design documentation.</p>
<p>As a mid-level engineer, the SEIT Engineer will lead portions of the verification program, serve as Test Conductor for formal validation events, troubleshoot complex hardware and software issues, and execute moderate to complex assignments with increasing autonomy under the Systems Engineering Manager and senior Systems Engineers.</p>
<p><strong>Satellite Functional Verification and Validation - 80%</strong></p>
<ul>
<li>Review the satellite functional specification and develop verification plans and test approaches to validate requirements.</li>
<li>Design and build automated testing systems, tooling, and/or ground support equipment (GSE) to optimize test and production workflows.</li>
<li>Develop, execute, and maintain test procedures and automated scripts for Flatsat, HWIL, and SWIL environments.</li>
<li>Serve as a test developer by writing automated TCL-based test scripts for the TERMA CCS5 command-and-control (C2) system.</li>
<li>Serve as Test Conductor for formal validation tests and lead dry runs or readiness activities.</li>
<li>Troubleshoot complex hardware and software issues, perform detailed data analysis, and generate or review test reports, non-conformances, and closure documentation.</li>
<li>Participate in and help coordinate cross-functional planning, integration, and test execution across engineering disciplines.</li>
</ul>
<h3>Satellite System Architecture Development - 20%</h3>
<ul>
<li>Support system architecture trade studies and requirements development for mission objectives.</li>
<li>Update the satellite functional specification based on new mission or customer requirements.</li>
<li>Generate system architecture artifacts such as spacecraft CONOPS, algorithm descriptions, and interface documentation.</li>
</ul>
<h3>Qualified Experience / Skills / Training:</h3>
<h3>Education:</h3>
<ul>
<li>Bachelor's degree in STEM (Science, Technical, Engineering, Math) or related scientific areas.</li>
<li>Preferred: Masters in STEM (Science, Technical, Engineering, Math) or related scientific areas.</li>
</ul>
<h3>Experience:</h3>
<ul>
<li>Minimum of 3 years of experience with a bachelor's degree, or 1 year with a master's degree.</li>
<li>Experience supporting aerospace hardware and/or software development in phases such as design, integration, verification, or test.</li>
<li>Experience with test automation or scripting (TCL, Python, or similar), preferably in a command-and-control (C2) environment such as TERMA CCS5.</li>
</ul>
<h3>Knowledge, Skills, Demonstrated Capabilities:</h3>
<ul>
<li>Proficiency with systems engineering and I&amp;T processes including requirements traceability, verification planning, and test documentation.</li>
<li>Experience working with Flatsats, HWIL/SWIL systems, simulators, or similar integration environments.</li>
<li>Familiarity with testability concepts, environmental test planning, and integration-level troubleshooting.</li>
<li>Strong interpersonal skills and ability to communicate effectively across engineering and program teams.</li>
<li>Ability to work in a multi-functional, fast-paced engineering environment.</li>
<li>Demonstrated ability to take initiative and deliver results with moderate oversight.</li>
</ul>
<h3>Preferred Technical Experience:</h3>
<ul>
<li>Experience leading portions of verification and validation activities for aerospace hardware or software systems, including Flatsat, HWIL/SWIL, or simulation-based testing.</li>
<li>Experience contributing to subsystem-level verification matrices, test plans, or readiness reviews.</li>
<li>Familiarity with digital twin or simulator-based test environments.</li>
</ul>
<h3>Preferred Test Engineering Capabilities:</h3>
<ul>
<li>Experience with system-level troubleshooting, anomaly investigation, and root cause analysis.</li>
<li>Understanding of testability concepts, integration workflows, and environmental test considerations.</li>
</ul>
<h3>Professional Skills:</h3>
<ul>
<li>Strong communication skills with the ability to interface effectively across engineering teams and stakeholders.</li>
<li>Demonstrated ability to operate with increasing autonomy in a fast-paced, multidisciplinary environment.</li>
<li>Strong initiative and consistent record of delivering high-quality results.</li>
</ul>
</div><p>Originally posted on <a href=""https://himalayas.app"">Himalayas</a></p>",1790520908,1795704908,https://himalayas.app/companies/red-canyon-engineering-software/jobs/remote-satellite-systems-i-t-engineer,https://himalayas.app/companies/red-canyon-engineering-software/jobs/remote-satellite-systems-i-t-engineer
"Director, Enterprise Systems & Architecture (LATAM)","About BackblazeBackblaze is the object storage leader in the open cloud movement, fueling customer success with cloud storage built purposefully to unlock budgets, unburden administrators, and unleash innovators.",Backblaze,backblaze,https://cdn-images.himalayas.app/bbzqbvnnz9f9irvz17g99w8b7zqw,Full Time,,,annual,['Director'],,"['Colombia', 'Costa Rica']","[-6, -5]","['Enterprise-Architect', 'IT-Director', 'System-Architect', 'Business-Systems-Director', 'Platform-Engineering-Director', 'Director-Of-Systems-Architecture', 'Director-Of-Application-Architecture', 'Director-Enterprise-Technology', 'Director-of-Data-Architecture', 'Infrastructure-Architecture-Director', 'Director-Of-Solution-Architecture']",['Developer'],"<h3><strong>About <a href=""https://himalayas.app/companies/backblaze"">Backblaze</a></strong></h3><p><a href=""https://himalayas.app/companies/backblaze"">Backblaze</a> is the object storage leader in the open cloud movement, fueling customer success with cloud storage built purposefully to unlock budgets, unburden administrators, and unleash innovators. Together with our partners, we're helping customers break free from the restrictive, overpriced legacy solutions that hold them back and blaze forward with the full power of the open cloud in their hands.</p><p>Founded in 2007, we scaled the business with less than $3 million in outside funding until 2021, when we did a traditional IPO on the Nasdaq stock exchange. Today, <a href=""https://himalayas.app/companies/backblaze"">Backblaze</a> generates over $125M in revenue and is the leading specialized storage cloud, managing over three billion gigabytes of data storage for 500K+ customers in 175+ countries, including businesses, developers, IT professionals, and individuals.</p><h3><strong>Role Overview</strong></h3><p><a href=""https://himalayas.app/companies/backblaze"">Backblaze</a> is seeking a Director, Enterprise Systems &amp; Architecture  to own the technical vision, architecture, and operations of the company’s enterprise systems and emerging AI use cases. This is a senior leadership role with organization-wide scope — spanning commercial and financial systems, GTM technology, data architecture, and the deployment and governance of AI agents across the business.</p><p>This leader will serve as the company’s architectural authority for enterprise platforms including Salesforce, NetSuite, Zendesk, Snowflake, and their surrounding integration ecosystem. Equally important, they will support the governed infrastructure layer that enables AI agents, automated workflows, and headless capabilities to operate safely at a public company. They will partner closely with the CRO, CISO, and CFO organizations to enable velocity while ensuring systems are compliant, auditable, and built to scale.</p><p>The ideal candidate combines deep enterprise architecture expertise with hands-on platform engineering instincts and practical experience deploying AI agents in production environments. This is a build-and-operate role, not a purely advisory one. The Director will directly manage the Salesforce administration team and the NetSuite techno-functional team, and will grow a broader platform capability over time.</p><h3><strong>Key Responsibilities</strong></h3><h3><strong>Enterprise Architecture Strategy</strong></h3><ul>
<li>Define and maintain the enterprise systems architecture roadmap across the commercial, financial, and GTM technology stack, including Salesforce, NetSuite, Zendesk, Snowflake, and related platforms.</li>
<li>Own and maintain formal architecture documentation including system topology maps, data flow diagrams, integration inventories, and architecture decision records (ADRs).</li>
<li>Establish and enforce architectural governance standards and review processes for all material system changes across the enterprise.</li>
<li>Define reference architectures and design patterns for integrations, data exchange, platform extensibility, and AI agent workloads.</li>
<li>Lead build vs. buy evaluations and establish platform selection criteria — including for AI tooling, agent orchestration frameworks, and LLMOps infrastructure — aligned with long-term architectural goals.</li>
<li>Ensure systems architecture supports scalability, data integrity, security, and operational efficiency in a public-company environment.</li>
</ul><h3><strong>Systems Architecture &amp; Integration Design</strong></h3><ul>
<li>Serve as the lead architect for the design and implementation of integrations across Salesforce, NetSuite, Zendesk, Snowflake, Orb, and other enterprise platforms.</li>
<li>Establish and enforce design standards, data contracts, and integration governance across all enterprise systems.</li>
<li>Own the enterprise architecture review board, evaluating proposed system changes for scalability, compliance, security, and alignment with long-term design goals.</li>
<li>Define integration patterns (event-driven, API-first, middleware) and ensure consistent application across the technology ecosystem.</li>
<li>Partner with the Data Engineering team to ensure data pipelines, data models, and platform integrations reflect sound architectural principles and support reliable analytical and operational outcomes.</li>
<li>Lead evaluation and selection of new technologies, including iPaaS and middleware platforms, ensuring alignment with the broader architecture.</li>
</ul><h3><strong>Architecture Governance &amp; Advisory</strong></h3><ul>
<li>Serve as the company's technical authority on enterprise systems design questions, providing architectural guidance to Revenue Operations, Finance, and Data Engineering leadership.</li>
<li>Lead architecture review sessions and provide formal design approval for major system initiatives and platform changes.</li>
<li>Produce and maintain architectural roadmaps, standards documentation, and technical decision frameworks that guide delivery teams and stakeholders.</li>
<li>Translate complex business requirements into scalable, future-proof architectural solutions, ensuring alignment between business priorities and technical design decisions.</li>
<li>Establish strong feedback loops with business teams to ensure the architecture evolves alongside organizational needs.</li>
<li>Mature the infrastructure that governs AI agent workflows — ensuring all agents and automated systems operate through governed identity, API gateway, secrets management, logging, and reconciliation layers.</li>
<li>Maintain and enforce change management standards for workflow deployments, prompt changes, and policy updates — including GitHub-backed version control and CI/CD deployment gates.</li>
<li>Ensure AI agent operations comply with SOX IT General Controls, data privacy requirements (GDPR/CCPA), and internal data governance standards. </li>
<li>Build and maintain observability infrastructure in partnership with the security team for agent operations, including real-time dashboards, alerting on anomalous behavior, and audit trail evidence for SOX and compliance purposes.</li>
</ul><h3><strong>Team Leadership &amp; Vendor Governance</strong></h3><ul>
<li>Lead and develop a team of Business Systems administrators, contractors, providing mentorship and clear career development direction.</li>
<li>Establish best practices for systems lifecycle management, change management, and project delivery.</li>
<li>Manage vendor and contractor relationships, ensuring external resources operate within defined architectural standards and governance frameworks.</li>
<li>Champion a culture of technical rigor, documentation discipline, and continuous improvement across the team.</li>
</ul><h3><strong>Qualifications</strong></h3><h3><strong>Required</strong></h3><ul>
<li>10+ years of experience in Enterprise Architecture, Business Systems, or Platform Engineering roles, with demonstrated ownership of multi-system environments at a public or compliance-regulated company.</li>
<li>Proven experience deploying, monitoring, and governing AI agents or LLM-powered workflows in production, including prompt versioning, agent identity management, and audit logging.</li>
<li>Deep experience architecting and governing Salesforce CRM environments at scale, including data model design, integration patterns, and access controls.</li>
<li>Strong working knowledge of NetSuite and Snowflake from both an architectural and operational perspective.</li>
<li>Experience building and operating API gateway, secrets management, and identity-based access control infrastructure in support of automated workflows or agent systems.</li>
<li>Solid understanding of SOX IT General Controls and application controls, with experience producing control evidence in a public company environment within the last 3 years. </li>
<li>Proven track record managing multi-functional business systems or platform teams, including direct management of admins and techno-functional resources.</li>
<li>Experience designing integration architectures using event-driven, API-first, or middleware patterns.</li>
<li>Strong communication and stakeholder management skills with the ability to engage credibly across technical teams, senior business leaders, and external auditors.</li>
<li>Experience with workflow versioning, GitOps patterns, and CI/CD pipelines for business systems deployments.</li>
</ul><h3><strong>Preferred</strong></h3><ul>
<li>Proficiency with architecture and security frameworks to enable the responsible usage of AI </li>
<li>Hands-on experience with iPaaS or middleware platforms (e.g., Fivetran, Polytomic, MuleSoft, Boomi, Celigo) at a design and governance level.</li>
<li>Experience developing master data management (MDM) strategy and data governance frameworks.</li>
<li>Experience managing analytics architecture and BI platforms such as Tableau.</li>
<li>Salesforce and NetSuite certifications.</li>
<li>Experience working in public or large enterprise technology environments with compliance and audit requirements.</li>
</ul><p><em>At <a href=""https://himalayas.app/companies/backblaze"">Backblaze</a>, we value being fair and good to our customers, partners, and employees. Diversity, equity, and inclusion are at the core of our values. We are committed to fostering a workforce where all employees feel a sense of belonging regardless of race, ethnicity, nationality, gender, sexual orientation, age, religion, socio-economic status, ability, veteran status, and education. We are proud to be an Equal Opportunity Employer.</em></p><p>Originally posted on <a href=""https://himalayas.app"">Himalayas</a></p>",1790520898,1795704897,https://himalayas.app/companies/backblaze/jobs/director-enterprise-systems-architecture-latam,https://himalayas.app/companies/backblaze/jobs/director-enterprise-systems-architecture-latam
Backend Lead - Hands-on Tech Lead,Job DescriptionInternational fast-growing IT company StellarTech is looking for a Backend Lead - Hands-on Tech Lead / Player-Coach.,Stellar Tech,stellar-tech,https://cdn-images.himalayas.app/leeeyi88tq63o0ccqvxk2cxea5w8,Contractor,,,annual,"['Senior', 'Manager']",,[],"[-11, -10, -9.5, -9, -8, -7, -6, -5, -4, -3.5, -3, -2, -1, 0, 1, 2, 3, 3.5, 4, 4.5, 5, 5.5, 5.75, 6, 6.5, 7, 8, 8.75, 9, 9.5, 10, 10.5, 11, 12, 12.75, 13, 14]","['Back-End-Lead', 'Technical-Lead', 'Backend-Engineer', 'Python-Developer', 'Software-Engineer', 'Tech-Lead-Backend', 'Backend-Engineering-Lead', 'Lead-Backend-Engineering', 'Backend-Team-Lead', 'Lead-Backend-Development', 'Lead-Backend-Developer', 'Backend-Engineering-Leadership', 'Backend-Engineering-Manager', 'Backend-Development-Manager']",['Developer'],"<h3>Job Description</h3><p>International fast-growing IT company StellarTech is looking for a Backend Lead - Hands-on Tech Lead / Player-Coach. StellarTech is a fast-growing international product technology company looking for a Backend Lead to own the technical direction, engineering quality, and operational health of our backend ecosystem.</p><p>This is a hands-on player-coach role combining backend architecture, technical execution, engineering leadership, and people management. You will lead a small team of experienced backend engineers while remaining actively involved in technical design, critical implementation, code reviews, production troubleshooting, and technical research.</p><p>You will work in a cross-functional product environment and take responsibility not only for backend implementation, but also for product delivery, reliability, and long-term technical sustainability.</p><h3>What You’ll Do:</h3><ul>
<li>Own the backend technical direction and architecture across our product ecosystem.</li>
<li>Translate product initiatives into technical solutions: clarify requirements, assess feasibility, identify risks, prepare technical designs, and decompose work for the team.</li>
<li>Own the complete engineering lifecycle from refinement and solution design to implementation, release, monitoring, and production improvements.</li>
<li>Design scalable, reliable, and maintainable backend solutions aligned with product and business needs.</li>
<li>Build and evolve shared backend capabilities, reusable components, and platform solutions that allow the company to launch and scale multiple products efficiently.</li>
<li>Define service boundaries, data ownership, APIs, integration patterns, and communication between systems.</li>
</ul><p>Make and defend pragmatic architectural decisions, including:</p><ul>
<li>Monolith vs services.</li>
<li>Synchronous vs asynchronous communication.</li>
<li>SQL vs NoSQL.</li>
<li>Build vs buy.</li>
<li>Short-term delivery vs long-term technical sustainability.</li>
<li>Remain hands-on with Python and FastAPI through critical implementation, prototyping, debugging, code reviews, and technical research.</li>
<li>Lead the design of event-driven and asynchronous workflows, including retries, idempotency, ordering, failure handling, and message processing.</li>
<li>Own backend production readiness and operational health, including monitoring, logging, alerting, dashboards, SLIs/SLOs, runbooks, incident response, root-cause analysis, and post-incident improvements.</li>
<li>Establish clear ownership of backend services and ensure the team can support them without dependency on individual engineers.</li>
<li>Improve engineering practices covering refinement, technical design, Definition of Done, testing, code review, CI/CD, release safety, documentation, and technical debt management.</li>
<li>Introduce and scale AI-assisted and agentic development workflows across the backend team.</li>
<li>Evaluate how AI tools affect delivery speed, engineering quality, maintainability, and team productivity.</li>
<li>Lead and develop backend engineers through delegation, regular feedback, one-to-one meetings, mentoring, performance reviews, and career development.</li>
<li>Collaborate closely with Product, Platform, DevOps, QA, Frontend, and other engineering leads.<br>Take responsibility for product and business outcomes, not only technical implementation.</li>
</ul><h3>What We’re Looking For:</h3><ul>
<li>7+ years of backend engineering experience.</li>
<li>2+ years of experience in a Tech Lead, Team Lead, or Backend Lead role.</li>
<li>Strong and recent hands-on production experience with Python, ideally 5+ years.</li>
<li>Strong knowledge of modern Python backend development practices.</li>
<li>Production experience with FastAPI or similar Python web frameworks.</li>
<li>Experience with asynchronous programming, testing, typing, profiling, debugging, and maintainable application design.</li>
<li>Proven experience owning backend architecture end to end, not only contributing to solutions designed by others.</li>
<li>Experience making and defending architectural decisions with Product, Engineering, and business stakeholders.</li>
<li>Experience building and operating scalable, high-load, or data-intensive production systems.</li>
<li>Strong understanding of service design, system boundaries, data flows, integrations, and distributed system trade-offs.</li>
<li>Strong experience with event-driven systems, asynchronous processing, and message brokers such as Kafka, RabbitMQ, SQS, or similar.</li>
<li>Good understanding of retries, idempotency, message ordering, delivery guarantees, dead-letter handling, and failure recovery.</li>
</ul><p> Strong database fundamentals, including:</p><ul>
<li>Data modelling.</li>
<li>Transactions and isolation.</li>
<li>Indexing.</li>
<li>Locking and concurrency.</li>
<li>Query plans.</li>
<li>Performance diagnosis and optimisation.</li>
<li>Production experience with MongoDB and an understanding of its modelling, consistency, and scaling trade-offs.</li>
<li>Production experience with relational databases, preferably PostgreSQL.</li>
<li>Experience designing APIs and integrating external platforms, third-party services, and payment or subscription systems.</li>
<li>Strong production ownership mindset, including monitoring, alerting, debugging, incident investigation, and reliability improvements.</li>
<li>Experience with cloud infrastructure, containerised applications, deployment tooling, and CI/CD.</li>
<li>Ability to reason about deployment safety, rollbacks, scalability, resource limits, and system capacity.</li>
<li>Proven experience improving an engineering process, technical area, or system from an unclear or immature state to a measurable target state.</li>
<li>Ability to balance product delivery speed with architecture quality and long-term maintainability.</li>
<li>Experience leading experienced engineers without micromanagement.</li>
<li>Experience with delegation, performance feedback, team development, and technical ownership distribution.</li>
<li>Strong ownership, initiative, structured communication, and ability to make decisions under uncertainty.</li>
</ul><h3>AI-First Engineering Experience:</h3><p>We are looking for more than occasional chatbot usage or basic code generation.</p><p>A strong candidate should be able to provide concrete examples of using AI in an end-to-end software delivery workflow, such as:</p><ul>
<li>Spec-driven or context-driven development.</li>
<li>AI coding agents.</li>
<li>Automated code review.</li>
<li>Test and documentation generation.</li>
<li>Reusable repository or company-level AI context.</li>
<li>Agentic pipelines and workflow automation.</li>
<li>AI-assisted debugging and incident investigation.</li>
<li>Evaluations and quality gates.</li>
<li>Security and data privacy controls.</li>
<li>Measuring the impact of AI adoption on delivery speed and quality.</li>
<li>Introducing AI workflows across an engineering team.</li>
</ul><h3>Nice to Have:</h3><ul>
<li>Experience building multi-product, multi-tenant, or platform-based architectures.</li>
<li>Experience creating internal frameworks, service templates, or reusable backend components.</li>
<li>Experience scaling products without proportional growth of the engineering team.</li>
<li>Experience with AWS, including S3, Lambda, ECS, EKS, or related services.</li>
<li>Experience with Redis.</li>
<li>Hands-on Kubernetes experience.</li>
<li>Strong Docker experience.</li>
<li>Experience with GitHub Actions or similar CI/CD tooling.</li>
<li>Experience with Temporal or another workflow orchestration platform.</li>
<li>Experience applying DDD, CQRS, event sourcing, or similar architectural patterns pragmatically.</li>
<li>Experience with B2C, EdTech, subscriptions, payments, analytics, or mobile-first products</li>
<li>Experience working in an early-stage or fast-changing product environment.</li>
</ul><h3>Good Fit for This Role:</h3><h3>This role is a good fit for someone who:</h3><ul>
<li> Remains a strong hands-on backend engineer.</li>
<li>Enjoys combining coding, architecture, and leadership.</li>
<li>Can independently assess the current technical state and define a better target state.</li>
<li>Creates engineering processes rather than only following existing ones.</li>
<li>Takes ownership of services after they are released to production.</li>
<li>Can make pragmatic architectural decisions without unnecessary complexity.</li>
<li>Thinks about product and business outcomes, not only implementation.</li>
<li>Can set a technical standard for experienced engineers.</li>
<li>Is comfortable challenging existing decisions and defending a well-reasoned position.</li>
<li>Sees AI as a way to redesign engineering workflows, not only generate code.</li>
<li>Is ready to lead both technology and people.</li>
</ul><h3>Why You’ll Love Working With Us:</h3><ul>
<li>Innovative environment: We are building and scaling EdTech products while actively experimenting with new technologies and development approaches.</li>
<li>Global remote work: Work with an international team from anywhere within a compatible time zone.</li>
<li>Health support: Company-provided medical expense compensation.</li>
<li>AI tools: Company-provided AI subscriptions and other engineering tools.</li>
<li>Flexible time off: 21 days of annual leave plus 10 bank holidays.</li>
<li>Collaborative culture: Work alongside experienced and motivated professionals who value ownership, speed, and measurable results.</li>
<li>Real influence: Help define the backend strategy, engineering standards, and AI-first development practices of a growing product ecosystem.</li>
</ul><h3>Interview Process:</h3><ol>
<li>HR interview</li>
<li>Technical Interview</li>
<li>Leadership Interview</li>
<li>Final interview</li>
</ol><p>Originally posted on <a href=""https://himalayas.app"">Himalayas</a></p>",1790520883,1795704882,https://himalayas.app/companies/stellar-tech/jobs/backend-lead-hands-on-tech-lead,https://himalayas.app/companies/stellar-tech/jobs/backend-lead-hands-on-tech-lead
Identity Enterprise Account Executive - Texas,"Our MissionAt Palo Alto Networks®, we’re united by a shared mission—to protect our digital way of life.",Palo Alto Networks,palo-alto-networks,https://cdn-images.himalayas.app/fv4n8xx8m9xoz0m3dtbwq3jig0ps,Full Time,212800.0,292600.0,annual,['Senior'],USD,['United States'],"[-10, -9, -8, -7, -6, -5, 14]","['Enterprise-Account-Executive', 'Account-Executive', 'Sales-Executive', 'Enterprise-Sales-Representative', 'Identity-Security-Sales', 'Enterprise-Sales-Account-Executive', 'Senior-Enterprise-Account-Executive', 'Large-Enterprise-Account-Executive', 'Strategic-Enterprise-Account-Executive', 'Workforce-Identity-Sales-Specialist']",['Sales'],"<h3>Our Mission</h3><p>At <a href=""https://himalayas.app/companies/palo-alto-networks"">Palo Alto Networks</a>®, we’re united by a shared mission—to protect our digital way of life. We thrive at the intersection of innovation and impact, solving real-world problems with cutting-edge technology and bold thinking. Here, everyone has a voice, and every idea counts. If you’re ready to do the most meaningful work of your career alongside people who are just as passionate as you are, you’re in the right place.</p><h3>Who We Are</h3><p>In order to be the cybersecurity partner of choice, we must trailblaze the path and shape the future of our industry. This is something our employees work at each day and is defined by our values: Disruption, Collaboration, Execution, Integrity, and Inclusion. We weave AI into the fabric of everything we do and use it to augment the impact every individual can have. If you are passionate about solving real-world problems and ideating beside the best and the brightest, we invite you to join us!</p>This role is remote, but distance is no barrier to impact. Our hybrid teams collaborate across geographies to solve big problems, stay close to our customers, and grow together. You will be part of a culture that values trust, accountability, and shared success where your work truly matters.<h3>Job Summary</h3><p>Idira, by <a href=""https://himalayas.app/companies/palo-alto-networks"">Palo Alto Networks</a> is seeking a proven enterprise seller that will continue to capture our rapid market share in the Global Fortune 1000 covering some of our most strategic customer partners in the Dallas and Austin area. The Enterprise Account Executive will sell our market leading solutions by gaining a thorough understanding of the client’s business needs.  A successful Enterprise Account Executive will be responsible for the formulation and execution of a hyper-growth business plan that targets existing enterprise customers. The Enterprise Account Executive will report directly to the District Sales Manager.</p><h3>What you will do:</h3><ul>
<li><p>Driving new business with existing and net new enterprise accounts</p></li>
<li><p>Build and execute territory plans with Quarterly and Annual Business Reviews (QBRs)</p></li>
<li><p>Build and advance near-term and long-term qualified pipeline</p></li>
<li><p>Selling into various stakeholders: IT side and Business side C-level engagements, positioning and proposal</p></li>
<li><p>Quarterbacking the extended team on opportunities including pre-sales, partners, executive management, and customer success</p></li>
<li><p>Management of all contact activity, prospecting, pipeline development, forecasting, negotiating, pricing, and closing and executing contracts</p></li>
<li><p>Perform bi-weekly meetings with the territory Sales Engineers and Professional Services Engineers to assess the status of all existing accounts, and to expedite the roll-out and up-sale/cross-sale processes</p></li>
<li><p>Collaborate with and engage the right <a href=""https://himalayas.app/companies/palo-alto-networks"">Palo Alto Networks</a> technical experts to provide an accurate and compelling story on our products’ strengths and capabilities to win deals.</p></li>
<li><p>Cultivate and manage relationships with partners and alliances</p></li>
</ul><h3>Qualifications </h3><ul>
<li><p>3+ years sales experience: SaaS B2B technology </p></li>
<li><p>(C-Level) B2B software sales experience  </p></li>
<li><h3>Experience in closing 8+ figure deals </h3></li>
<li><p>Bachelors degreeor equivalent work experience (3 years cybersecurity B2B enterprise sales) </p></li>
<li><p>Experience in cultivating and controlling complex sales cycles, selling across multiple stakeholders within enterprise organizations </p></li>
<li><p>Discovery skills, asking insightful questions </p></li>
<li><h3>Adaptability to a changing environment </h3></li>
<li><p>Privileged Access Management or Identity Access Management experience a plus </p></li>
<li><p>Ability to craft and articulate compelling business propositions </p></li>
<li><p>Outstanding presentation, written and verbal communication skills </p></li>
<li><h3>Knowledge of and usage of MEDDPICC</h3></li>
<li><p>Trained in sales methodologies such as The Challenger Sale, Miller Heiman, Sandler or Value-Selling Framework</p></li>
<li><p>Experience sellingSaaS/Subscription/Cloudsolutions preferred </p></li>
<li><p>Experience selling with Advisory, Channel Partners, and Ecosystem Partners preferred </p></li>
</ul><h3>Compensation Disclosure</h3><p>The compensation offered for this position will depend on qualifications, experience, and work location. For candidates who receive an offer at the posted level, the starting base salary (for non-sales roles) or base salary + commission target (for sales/com-missioned roles) is expected to be the annual range listed below. The offered compensation may also include restricted stock units and a bonus. A description of our employee benefits may be found here.</p>$212,800.00 - $292,600.00/yr<h3>Our Commitment </h3><p>We’re trailblazers that dream big, take risks, and challenge cybersecurity’s status quo. It’s simple: we can’t accomplish our mission without diverse teams innovating, together.</p><p>We are committed to providing reasonable accommodations for all qualified individuals with a disability. If you require assistance or accommodation due to a disability or special need, please contact us at  .</p><p><a href=""https://himalayas.app/companies/palo-alto-networks"">Palo Alto Networks</a> is an equal opportunity employer. We celebrate diversity in our workplace, and all qualified applicants will receive consideration for employment without regard to age, ancestry, color, family or medical care leave, gender identity or expression, genetic information, marital status, medical condition, national origin, physical or mental disability, political affiliation, protected veteran status, race, religion, sex (including pregnancy), sexual orientation, or other legally protected characteristics.</p><p>All your information will be kept confidential according to EEO guidelines.</p>Is role eligible for Immigration Sponsorship? No. Please note that we will not sponsor applicants for work visas for this position.Motor-Vehicle Requirement:  This role may require travel to and from <a href=""https://himalayas.app/companies/palo-alto-networks"">Palo Alto Networks</a>, Inc. business meetings and events and requires reliable transportation to do so.  If a hire chooses to drive in connection with company business, the hire for this role must maintain a valid driver’s license.<p>Originally posted on <a href=""https://himalayas.app"">Himalayas</a></p>",1790520883,1795704882,https://himalayas.app/companies/palo-alto-networks/jobs/identity-enterprise-account-executive-texas,https://himalayas.app/companies/palo-alto-networks/jobs/identity-enterprise-account-executive-texas
Senior Energy Consultant -- Renewable Engineering Experience,ResponsibilitiesThis is a remote/virtual position.,Sargent & Lundy,sargent-lundy,https://cdn-images.himalayas.app/m7lxor8x0s4efte0xx7bifjt397t,Full Time,131960.0,205330.0,annual,['Senior'],USD,['United States'],"[-10, -9, -8, -7, -6, -5, 14]","['Senior-Energy-Consultant', 'Energy-Consultant', 'Renewable-Energy-Consultant', 'Power-Industry-Consulting', 'Engineering-Consultant', 'Senior-Energy-Engineer', 'Renewable-Energy-Engineer', 'Renewable-Energy-Consulting', 'Senior-Engineering-Consultant', 'Senior-Consulting-Engineer', 'Renewable-Energy-Specialist']",[],"<h3>Responsibilities</h3><p><strong>This is a remote/virtual position. Candidate can be based anywhere within the United States.</strong></p><p>Sargent &amp; Lundy is one of the largest and most experienced power industry engineering and consulting firms.  This position in Sargent &amp; Lundy’s Consulting group will require you to work on our project teams that provide a wide variety of services, such as the following:</p><ul>
<li>Technical consulting and advisory services to power project developers to support new utility-scale solar, wind, gas, battery energy storage, and other projects;</li>
<li>Independent engineering and due diligence services for lenders and investors to evaluate the financing of new power and infrastructure projects;</li>
<li>Technical, economic, and market studies for grid operators, utilities, and research agencies; and</li>
<li>Planning studies and business case development for utilities, independent power producers, and government agencies.</li>
</ul><p>This position is being added to support the continued growth of the Sargent &amp; Lundy Consulting group, particularly in the renewable energy, battery energy storage, and utility planning / advisory practice areas. Our Consulting Group works with clients across the United States and in numerous other countries.</p><p>This position will require a great deal of face-to-face interaction with power plant developers and owners, as well as lenders and investors, during the execution of consulting services work for the firm. The work environment in our Consulting group is fast-paced, dynamic, and interesting.</p><h3>Qualifications</h3><p><strong>We do not sponsor employees for work authorization in the U.S. for this position.</strong></p><p>This position requires someone who has a Bachelor's degree in mechanical, electrical, or civil engineering (other engineering disciplines may be considered). A Master’s degree in an engineering discipline or business (e.g., MBA) is a plus.</p><p>In order to qualify, it is important that you have 12 or more years of experience in the power industry, including one or more of the following:</p><ul>
<li>Design of utility-scale solar, wind, and/or battery energy storage projects;</li>
<li>Independent engineering and due diligence services for power projects;</li>
<li>Power project development;</li>
<li>Solar, wind, and/or battery energy storage construction management;</li>
<li>Experience in project finance or financial modeling of power projects is a plus;</li>
<li>Experience with owner’s engineering activities during power project execution is a plus.</li>
</ul><h3>Also, extremely important are:</h3><ul>
<li>Excellent verbal/written communication skills.</li>
<li>Experience writing technical reports and proposals.</li>
<li>Solid interpersonal skills and ability to work with and guide others.</li>
<li>Project planning and leadership skills.</li>
</ul><h3>Technology &amp; Innovation</h3><p>Sargent &amp; Lundy values the appropriate use of technology to improve how work gets done and deliver high-quality outcomes for our clients. Depending on the role, employees may use data, automation, artificial intelligence, and other digital tools to support research, analysis, engineering and design activities, workflow improvement, or other aspects of their work. We value candidates who demonstrate an interest in learning and effectively using emerging technologies where relevant to their role. Employees remain accountable for their work and are expected to apply appropriate professional judgment and review when using technology-assisted tools. Experience with AI, automation, programming, or similar technologies is valued where relevant but is not required unless specifically identified elsewhere in the job description.</p><h3>About Sargent &amp; Lundy</h3><p>At Sargent &amp; Lundy, we care about the health and well-being of our employees. Our commitment extends beyond the workplace, offering comprehensive healthcare plans and generous paid time off to support our team members in every aspect of their lives. We understand the importance of work-life balance, which is why we are proud to provide competitive, award-winning benefits. Our dedication to employee satisfaction has earned us the prestigious Top Workplaces Culture Excellence Award for compensation and benefits in 2022, 2023, and 2024.</p>Health &amp; WellnessFinancial BenefitsWork-Life Balance<ul>
<li>Health Plans: Medical, Dental, Vision</li>
<li>Life &amp; Accident Insurance</li>
<li>Disability Coverage</li>
<li>Employee Assistance Program (EAP)</li>
<li>Back-Up Daycare</li>
<li>FSA &amp; HSA</li>
</ul><ul>
<li>401(k)</li>
<li>Pre-Tax Commuter Account</li>
<li>Merit Scholarship Program</li>
<li>Employee Discount Program</li>
<li>Corporate Charitable Giving Program</li>
<li>Tuition Assistance</li>
<li>First Professional Licensure Bonus</li>
<li>Employee Referral Bonus</li>
</ul><ul>
<li>Paid Annual Personal/Sick Time (PST)</li>
<li>Paid Vacation</li>
<li>Paid Holidays</li>
<li>Paid Parental Leave</li>
<li>Paid Bereavement Leave</li>
<li>Flexible Work Arrangements</li>
</ul><h3>Compensation Range</h3>$131,960.00 - $205,330.00<h3>Transparency Statement</h3>Sargent &amp; Lundy discloses compensation ranges that comply with all local and state regulations. The total compensation package for eligible positions will include a base salary or an hourly rate and a comprehensive benefits package, reflecting our commitment to rewarding performance and supporting the overall well-being of our employees. Individuals may also be eligible to participate in our yearly discretionary bonus.<h3>Equal Opportunity</h3><p>Sargent &amp; Lundy is an equal opportunity employer. All qualified applicants will receive consideration for employment without regard to race, color, religion, sex, sexual orientation, national origin, disability status, protected veteran status, or any protected status as defined by applicable law.</p><p>Originally posted on <a href=""https://himalayas.app"">Himalayas</a></p>",1790520883,1795704882,https://himalayas.app/companies/sargent-lundy/jobs/senior-energy-consultant-renewable-engineering-experience-5045738298,https://himalayas.app/companies/sargent-lundy/jobs/senior-energy-consultant-renewable-engineering-experience-5045738298
Senior MES Implementation & Support Engineer,"Be part of the Next Industrial Revolution - Behind every SaaS Product is a Team In Vimachem, we’re using technology to empower the people who manufacture medicines for our world.",Vimachem,vimachem,https://cdn-images.himalayas.app/6esi9ma1s7k6wnzv12cd34y6j3b7,Full Time,,,annual,['Senior'],,[],"[-11, -10, -9.5, -9, -8, -7, -6, -5, -4, -3.5, -3, -2, -1, 0, 1, 2, 3, 3.5, 4, 4.5, 5, 5.5, 5.75, 6, 6.5, 7, 8, 8.75, 9, 9.5, 10, 10.5, 11, 12, 12.75, 13, 14]","['MES-Implementation-Engineer', 'MES-Support-Engineer', 'Manufacturing-Execution-Systems-Specialist', 'Pharmaceutical-IT-Engineer', 'Life-Sciences-Support', 'Senior-MES-Engineer', 'MES-Integration-Engineer', 'MES-Implementation-Specialist', 'MES-Support-Specialist', 'MES-Technical-Lead', 'MES-Integration-Specialist', 'Senior-Technical-Support-Engineer']",[],"<p><b><strong>Be part of the Next Industrial Revolution - Behind every SaaS Product is a Team</strong></b></p><p>In <a href=""https://himalayas.app/companies/vimachem"">Vimachem</a>, we’re using technology to empower the people who manufacture medicines for our world. Since 2015, we have been developing the industry’s only AI-enabled MES platform purpose-built for Life Sciences - combining MES, IIoT, and Pharma 4.0 capabilities into a single, modern system that helps pharmaceutical and biotech manufacturers scale faster, operate with greater flexibility, and deliver high-quality, life-saving medications. </p><p>Today, we are going through one of the most exciting periods in our company's history. We are growing rapidly globally and expanding our EU-based MES team, looking for an ambitious and experienced engineer ready to contribute and innovate, taking our customer experience services to the next level. </p><p>Our culture is fast-paced, entrepreneurial, and rewarding. We've been recognized as a ""Great Place to Work"" for multiple consecutive years by fostering an inclusive and mission-driven culture. If you are passionate about cutting-edge software and global MES engagements, the future is bright for you at <a href=""https://himalayas.app/companies/vimachem"">Vimachem</a>, and we want to hear from you! </p><p><b><strong>This position is a fully remote position for EU-based candidates, with up to 15% travel for on-site customer visits.</strong></b></p><p><b><strong>About the role</strong></b></p><p>As a<b><strong> Senior</strong></b><b><strong>MES Implementation &amp; Support Engineer</strong></b>, you will play a key role in supporting and deploying <a href=""https://himalayas.app/companies/vimachem"">Vimachem</a>’s cutting-edge Pharma MES modules across global pharmaceutical and biopharmaceutical manufacturing environments.</p><p>In this role, you will be responsible for ensuring exceptional customer experiences and assisting with continuous improvements to our support and implementation processes where applicable. Your work will significantly impact customer satisfaction and loyalty, directly influencing <a href=""https://himalayas.app/companies/vimachem"">Vimachem</a>’s global market reputation and success. </p><p><b><strong>What will you do as a Senior MES Implementation &amp; Support Engineer?</strong></b></p><ul>
<li>Act as the frontline technical contact for customers, providing timely, accurate, and complete responses to support inquiries. </li>
<li>Troubleshoot and resolve complex application issues using logs, diagnostics, database queries, and system analysis. </li>
<li>Educate customers on platform functionality, usage, and best practices, building strong and trusted relationships. </li>
<li>Work side by side with customers to support and implement the<b><strong><a href=""https://himalayas.app/companies/vimachem"">Vimachem</a> Pharma 4.0 EBR module</strong></b>, from configuration through go-live and hypercare.</li>
<li>Support user testing activities, troubleshooting issues and ensuring expected results are delivered in production environments. </li>
<li>Analyze and document customer manufacturing and IT processes to ensure optimal system alignment and compliance readiness. </li>
<li>Assist with the configuration of system settings, workflows, business rules, roles, and interfaces to meet customer requirements. </li>
<li>Investigate and diagnose system behavior using logs, database queries, and integration traces. </li>
<li>Support API/web-service–based integrations with ERP, equipment systems, historians, or other enterprise platforms. </li>
<li>Collaborate closely with Professional Services, Product, Engineering, and Customer Success teams to continuously improve the platform, support processes, and implementation approach. </li>
<li>Contribute to internal and customer-facing documentation, FAQs, troubleshooting guides, and implementation assets. </li>
<li>Support the pre-Sales and Sales teams by delivering technical product demonstrations, participating in solution discussions, and contributing to the technical validation of customer requirements. </li>
<li>Help create a proactive support environment by anticipating customer needs and identifying potential issues before they arise. </li>
<li>Act as an internal advocate for innovation by exploring and applying AI-powered tools to improve efficiency, scalability, and customer experience across Support services. </li>
</ul><p><b><strong>The main qualifications for the Senior MES Implementation &amp; Support Engineer role are: </strong></b></p><ul>
<li>Bachelor’s degree (or equivalent experience) in Information Technology, Computer Science, Software Engineering, or a related field. </li>
<li>Minimum<b><strong>5 years of experience</strong></b>supporting and/or implementing enterprise software systems.</li>
<li>Strong analytical and problem-solving skills with the ability to troubleshoot complex technical issues. </li>
<li>Strong knowledge of Windows operating systems; Linux knowledge is a plus. </li>
<li>Experience working with ticketing systems (e.g. Zendesk, Jira Service Management). </li>
<li>Familiarity with Atlassian tools (Jira, Confluence). </li>
<li>Demonstrated ability to prioritize effectively and remain flexible in a customer-driven environment. </li>
<li>Excellent verbal and written communication skills, with high standards for documentation. </li>
<li>Highly motivated, self-directed individual with a “can-do” and “will-figure-it-out” mindset. </li>
</ul><p><b><strong>Nice-to-Have</strong></b></p><ul>
<li>Good networking knowledge. </li>
<li>Ability to read, parse, and manipulate various technical formats such as XML and CSV. </li>
<li>Knowledge of API and HTTP (post/get, auth, etc.). </li>
<li>Basic skills in SQL (PostgreSQL) and MongoDB, queries. </li>
<li>Exposure to ERP, historians, equipment integrations, or SCADA/automation systems. </li>
<li>Basic scripting skills (Shell, Python, JavaScript, or similar). </li>
<li>Experience with<b><strong>MES or EBR systems</strong></b>in pharma/GxP environments.</li>
<li>Familiarity with<b><strong>GMP, 21 CFR Part 11, Annex 11</strong></b>, and data integrity principles.</li>
<li>Background in supporting production systems or working in regulated manufacturing. </li>
</ul><p><b><strong>About You:</strong></b></p><ul>
<li>You are willing to work in a fast-paced, challenging, and quickly changing environment. </li>
<li>You are keen to stay up to date with the latest technologies and industry trends. </li>
<li>You are tech-savvy with years of experience in technical product implementations and support, working with customers through multiple forms of communication, including chat and web calls. </li>
<li>You are genuine, humble, curious, and willing to work in a fun, diverse culture. </li>
</ul><p><i><em>At <a href=""https://himalayas.app/companies/vimachem"">Vimachem</a>, we know that even exceptional candidates sometimes hesitate to apply. If you’re excited about this role but don’t meet every single requirement, we encourage you to apply - we’d love to explore your potential fit.</em></i></p><p><b><strong>What’s in It for You</strong></b></p><p>Our team is a strong, diverse, hard-working team that values families, personal well-being, and meritocracy. We believe amazing results require amazing effort and commitment, and we perform bi-annual performance reviews and continuous feedback to ensure we reward our top performers.</p><h3>Benefits of working with us include:</h3><ul>
<li>Performance-based bonus. </li>
<li>Employee Stock Option Plan (ESOP). </li>
<li>Health &amp; Life insurance. </li>
<li>Meal vouchers. </li>
<li>Transportation and commuting support. </li>
<li>Flexible working hours. </li>
<li>Extra paid leave days (e.g., birthday leave, company celebration days off). </li>
<li>Modern work environment with an open culture towards improvements and new ideas, supported by modern tools and equipment to do your job properly. </li>
<li>A buddy system during onboarding and on-the-job learning with senior experts. </li>
<li>Personal training budget. </li>
<li>Participation in conferences, seminars, or industry events. </li>
<li>Team-building activities, wellbeing initiatives, and company events. </li>
</ul><p>We are an equal opportunity employer and value diversity at our company. We do not discriminate on the basis of race, religion, color, national origin, gender, sexual orientation, age, marital status, veteran status, or disability status. Help us build an inclusive community that will transform Life Sciences manufacturing.</p><p>Originally posted on <a href=""https://himalayas.app"">Himalayas</a></p>",1790520861,1795704860,https://himalayas.app/companies/vimachem/jobs/senior-mes-implementation-support-engineer,https://himalayas.app/companies/vimachem/jobs/senior-mes-implementation-support-engineer
"Strategy & Operations Program Manager, Global Technical Enablement",Come join the organization that is redefining security for the AI era.,Wiz Co,wiz-co,,Full Time,136000.0,185000.0,annual,['Senior'],USD,['United States'],"[-10, -9, -8, -7, -6, -5, 14]","['Operations-Program-Manager', 'Program-Manager', 'Technical-Program-Manager', 'Operations-Manager', 'Chief-of-Staff', 'Senior-Global-Program-Manager', 'Operations']","['Product', 'Operations', 'Management']","<div class=""content-intro"">
<p>Come join the organization that is redefining security for the AI era. As one of the fastest-growing startups ever, we enable teams to secure cloud and AI applications by connecting code, cloud, and runtime into a single shared context. Trusted by security teams all over the world, we have a proven track record of success and a culture that values world-class talent. Not to mention, we're now powered by Google, meaning we offer our customers an AI-powered platform that harnesses Google’s Threat Intelligence and Security Operations to better detect, prevent, and respond to threats across all environments, allowing for further innovation.</p>
<p>Our Wizards from all over the globe work together to protect the infrastructure of our customers, including over 65% of the Fortune 100, who trust us to scan and secure over 230 billion files daily. We’re honored to be a leading player in a massive and growing market, and we continue to look for exceptional Wizards who are eager to make a significant impact on our team. At Wiz, you’ll have the freedom to think creatively, dream big, and use your full range of skills to contribute to our momentous growth. Come join our team and help us create secure cloud environments that allow even the best companies to move faster, all while having some fun!</p>
</div><h3>Minimum Qualifications:</h3><ul>
<li><p>Bachelor's degree in Business, Computer Science, Engineering, or a related field, or equivalent practical experience.</p></li>
<li><p>5+ years of experience in business operations, strategy, chief of staff roles, or technical program management, including direct support of senior leaders.</p></li>
<li><p>Proven experience managing operational tech stacks, vendor relationships, and tracking organizational budgets/OPEX or business cases.</p></li>
<li><p>Demonstrated ability to write and speak at a leadership altitude, holding the room and influencing cross-functional stakeholders without formal direct authority.</p></li>
<li><p>Exceptional ability to manage multiple complex threads, ensuring nothing is dropped, everything is documented, and decisions result in action.</p></li>
</ul><h3>Preferred Qualifications:</h3><ul>
<li><p>Experience in an Office-of-the-CxO or serving as a dedicated right-hand to a senior leader in a high-tech environment.</p></li>
<li><p>Familiarity with cloud concepts (e.g., GCP, AWS, or Azure), cybersecurity, technical lab environments, or developer platforms.</p></li>
<li><p>Experience working inside or directly partnering with technical enablement, customer engineering, sales engineering, or customer success organizations.</p></li>
<li><p>Thrives in high ambiguity, capable of inventing structure when priorities shift rapidly across a distributed, global organization.</p></li>
</ul><h3>About the Job:</h3><p>As the Strategy &amp; Operations Program Manager for Global Technical Enablement (GTE), you will serve as the operational right hand and proxy to the Head of GTE. This is not a general program-management role; your mandate is to build the operating system that runs the organization and keep the business inspection-ready at all times.</p><p>You will not have direct reports; instead, your influence and operational rigor will ensure that critical multi-team programs move smoothly from ideation to delivery. You will sit with the Head, be in the room for the decisions, carry their proxy, and govern the organization's technological, financial, and strategic resources. Ultimately, you will own the living story of the business, the cadence, the data narrative, and the cross-cutting initiatives that belong to no single team; ensuring leadership can speak to status, strategy, and risk at a moment's notice.</p><p>Wiz’s Global Technical Enablement (GTE) team is the end-to-end owner of technical product mastery. We build and execute role-based onboarding, interactive learning journeys, and hands-on lab environments that enable our technical field teams and customers to position, deploy, and optimize complex cloud solutions at scale. Operating across 8 time zones and 6 countries, we pride ourselves on dependability, radical collaboration, and continuous innovation.</p><p>To ensure the strategic value of this role is maintained, please note that it is explicitly:</p><ul>
<li><p>Not a layer between the Head and the four team leaders, their direct line is unchanged.</p></li>
<li><p>Not the owner of team execution: Architecture, TLDD, Experiences, and TEDO run their own work.</p></li>
<li><p>Not an Executive Assistant: no calendar, travel, or expense ownership.</p></li>
</ul><h3>Responsibilities:</h3><ul>
<li><p>Own the Operating Rhythm: Architect and facilitate leadership staff meetings, strategic quarterly planning, and retrospective sessions across the four GTE pillars to ensure tight cross-team alignment.</p></li>
<li><p>Drive the OKR Lifecycle: Partner with leadership to draft, cascade, and track OKRs, proactively mitigating schedule risks before they impact the business.</p></li>
<li><p>Govern the Decision Log: Ensure that nothing agreed upon leaves the room without an owner and a date, and follow through so that initiatives don't stall or quietly die after kickoff.</p></li>
<li><p>Build the Case (Tech Spend &amp; Forecasting): Lead financial forecasting, budget tracking, and business case development specifically for the organization’s enablement infrastructure (lab environments, software licensing, tool subscriptions, and vendor platforms).</p></li>
<li><p>Vendor &amp; Platform Lifecycle: Oversee the end-to-end renewals of GTE platforms, manage vendor relationships, and optimize the operational tech stack.</p></li>
<li><p>Access &amp; Tech Governance: Manage the integration, provisioning, and access logistics for the org's internal and external enablement platforms, ensuring seamless workflows and security compliance.</p></li>
<li><p>Own the ""Walking Deck"": Maintain a continuously current narrative of the business (org, strategy, OKR status, metrics, risks, and wins) that is ready to present with zero prep.</p></li>
<li><p>Turn Data into Narrative: Partner with analysts to convert central dashboards, learner throughput, and course CSAT into the actionable story leadership needs.</p></li>
<li><p>Anticipate the Inspection: Prepare the Head of GTE for executive reviews, QBRs, skip-levels, and ad-hoc escalations by running dry-runs, producing briefing docs, and pre-empting leadership questions before they are asked.</p></li>
<li><p>Represent the Head: Act as a proxy in forums the Head cannot attend, carrying context in, bringing decisions back, and holding the room at a leadership altitude.</p></li>
<li><p>Stakeholder Alignment: Act as the primary strategic coordination bridge between GTE pillar leads and key external partners (Product Management, Product Marketing, Solutions Engineering, Support).</p></li>
<li><p>Drive Cross-Cutting Programs: Execute high-priority operational shifts, integrations, and strategic rollouts that span across multiple teams and manage complex global dependencies.</p></li>
</ul><div class=""content-pay-transparency""><div class=""pay-input"">
<div class=""description"">
<h3>Compensation + Benefits</h3>
<p>Compensation for this full-time position includes base salary + bonus + equity + benefits. Our salary ranges are determined by role, level, and location. Within the range, individual pay is determined by work location and additional factors, including job-related skills, experience, and relevant education or training. Your recruiter can share more about the specific salary range for your preferred location during the hiring process.</p>
<p>Please note that the compensation details listed in US role postings reflect the base salary only, and do not include bonus, equity, or benefits. Learn more about benefits at Google.</p>
<p>The US base salary range for this full-time position is listed below.</p>
</div>
<div class=""title"">US Base Pay Range</div>
<div class=""pay-range"">$136,000—$185,000 USD</div>
</div></div><div class=""content-conclusion"">
<p><em>Applicants must have the legal right to work in the country where the position is based, without the need forvisa sponsorship.This role does not offervisasponsorship.</em></p>
<p>Wiz is an equal opportunity employer. We do not discriminate based upon race, religion, color, national origin, sex (including pregnancy, childbirth, reproductive health decisions, or related medical conditions), sexual orientation, gender identity, gender expression, age, status as a protected veteran, status as an individual with a disability, genetic information, political views or activity, or other applicable legally protected characteristics. </p>
<p>By submitting your application, you acknowledge that Wiz will process your personal data in accordance with Wiz's Privacy Policy.</p>
</div><p>Originally posted on <a href=""https://himalayas.app"">Himalayas</a></p>",1790520861,1795704860,https://himalayas.app/companies/wiz-co/jobs/strategy-operations-program-manager-global-technical-enablement,https://himalayas.app/companies/wiz-co/jobs/strategy-operations-program-manager-global-technical-enablement
"Business Development Manager (BDM), Inside Sales (Lisle, IL, US, 60532)","Business Development Manager (BDM), Inside SalesJob Reference Number: 42241 Employment Type: Full-Time, Remote Segment: Education Brand: Elior-School-Dining Location: Remote Business Development Manager (BDM), Inside Sales– Elior Education The RoleThe Elior Education Growth team is seeking a Business Development Manager (BDM), Inside Sales who is motivated and committed to sales generation.",Elior North America,elior-north-america,https://cdn-images.himalayas.app/v4ke6e9io1cjgi7i8x6esvhbohx2,Full Time,100000.0,110000.0,annual,['Manager'],USD,['United States'],"[-10, -9, -8, -7, -6, -5, 14]","['Business-Development-Manager', 'Inside-Sales', 'Sales-Manager', 'B2B-Sales', 'Lead-Generation', 'SALES-BUSINESS-DEVELOPMENT-MANAGER', 'B2B-Business-Development-Manager', 'Business-Development', 'Sales']",['Sales'],"<h3>Business Development Manager (BDM), Inside Sales</h3><p><strong>Job Reference Number: </strong>42241<br><strong>Employment Type: </strong>Full-Time<strong>, </strong>Remote<strong><br>Segment: </strong>Education<br><strong>Brand: </strong>Elior-School-Dining<br><strong>Location: </strong>Remote</p><p><strong>Business Development Manager (BDM), Inside Sales– Elior Education</strong></p><h3>The Role</h3><p>The Elior Education Growth team is seeking a Business Development Manager (BDM), Inside Sales who is motivated and committed to sales generation. In this position you will report to the SVP Growth with support from the Dir, Growth Enablement and (Sr.) Business Development Directors as mentors with support in learning Elior’s sales process.</p><p>In this role you will support the Education segment drive for sustainable growth through lead generation. As a key member of the Education Growth Team, you will play a pivotal role in shaping our company's growth &amp; future. This position offers a unique opportunity to leverage your expertise and collaboration skills in a fast-paced and evolving industry.</p><h3>What You’ll Be Doing</h3><ul>
<li>Identify and develop new business opportunities across Elior Education’s collegiate, independent school, and K-12 markets</li>
<li>Own outbound prospecting and cold outreach to build and maintain a strong pipeline of prospective clients</li>
<li>Research schools, universities, districts, and other educational organizations to identify potential opportunities and key decision-makers</li>
<li>Engage senior leaders, including school administrators, university leaders, presidents, vice presidents, and other decision-makers</li>
<li>Conduct initial discovery conversations to understand prospective clients’ dining programs, needs, challenges, and future plans</li>
<li>Qualify prospects and determine alignment with Elior Education’s services and ideal client profile</li>
<li>Build relationships with prospective clients throughout a long-term, consultative sales process</li>
<li>Partner with Business Development and Operations leaders to transition qualified opportunities and support the sales process</li>
<li>Maintain accurate prospect, activity, and pipeline information in Microsoft Dynamics CRM</li>
<li>Use prospecting and research tools, including Seamless.AI and internal databases, to identify contacts and new opportunities</li>
<li>Track outreach, follow-up activity, and movement through the sales funnel</li>
<li>Develop targeted outreach strategies based on geography, institution type, and business opportunity</li>
<li>Stay informed on trends and developments within the education and foodservice markets</li>
<li>Represent Elior Education professionally in virtual meetings, presentations, industry events, and client conversations</li>
<li>Support broader growth initiatives and sales campaigns as needed</li>
</ul><h3>What We’re Looking For</h3><ul>
<li>Experience in inside sales, business development, lead generation, or a related B2B sales role</li>
<li>Experience with outbound prospecting and cold calling in a new-business environment</li>
<li>Background selling services or solutions through a consultative sales process</li>
<li>Experience working within foodservice, facilities management, hospitality, education services, or another service-based industry preferred</li>
<li>Ability to research organizations, identify decision-makers, and develop new contacts</li>
<li>Experience engaging executive and senior-level stakeholders</li>
<li>Comfortable working within long sales cycles and maintaining relationships over time</li>
<li>Strong presentation and communication skills</li>
<li>Ability to manage multiple prospects and opportunities at different stages of the sales funnel</li>
<li>Experience using CRM and prospecting tools; Microsoft Dynamics and Seamless.AI experience is a plus</li>
<li>Self-directed and comfortable working in a role focused heavily on developing new business</li>
<li>Ability to travel as needed for client meetings, industry events, and sales activities</li>
</ul><h3>Compensation</h3><p> $100,000–$110,000 annually based on experience. </p><h3>Location: </h3><h3>Remote</h3><h3>Our Benefits:</h3><ul>
<li>Medical (FT Employees)</li>
<li>Dental</li>
<li>Vision</li>
<li>Voluntary UNUM offering for Accident, Critical Illness and Hospital Indemnity</li>
<li>Discount Program</li>
<li>Commuter Benefits (Parking and Transit)</li>
<li>EAP</li>
<li>401k</li>
<li>Sick Time</li>
<li>Holiday Pay (9 paid holidays)</li>
<li>Tuition Reimbursement (FT Employees)</li>
<li>Paid Time Off</li>
</ul><h3>About Elior Education</h3><p>Elior Education creates dining experiences designed around the needs of students and the communities they are part of. Across Elior Collegiate Dining, Elior Independent School Dining, and Elior School Dining, our teams partner with educational institutions to create food and dining programs that support student potential, build community, and enhance the overall student experience.</p><p>As part of the sales team, you’ll help introduce prospective clients to what Elior Education can bring to their campuses and schools while building relationships that can develop into long-term partnerships.</p><h3>About <a href=""https://himalayas.app/companies/elior-north-america"">Elior North America</a>:</h3><p><a href=""https://himalayas.app/companies/elior-north-america"">Elior North America</a> is an equal opportunity employer.  Qualified applicants will receive consideration for employment without regard to race, color, religion, sex, national origin, sexual orientation, gender identity, disability or protected veteran status. We are committed to diversity and encourage applications from people of all backgrounds and abilities. We take pride in supporting the development of our employees and their skills at all levels and in fostering an environment of growth.</p><p>At <a href=""https://himalayas.app/companies/elior-north-america"">Elior North America</a>, we are committed to offering growth and advancement opportunities for all of our employees. The valuable skills and experience you’ve gained with Elior will propel you further in your career, whether with our corporate office or one of our brand segments.</p><p><strong>Disclaimer:</strong> This job description can be revised  by management as needed.</p><p>Originally posted on <a href=""https://himalayas.app"">Himalayas</a></p>",1790520848,1795704848,https://himalayas.app/companies/elior-north-america/jobs/business-development-manager-bdm-inside-sales-lisle-il-us-60532,https://himalayas.app/companies/elior-north-america/jobs/business-development-manager-bdm-inside-sales-lisle-il-us-60532
Sales Specialist Advanced Imaging - Southeast,"Bring more to life. Are you ready to accelerate your potential and make a real difference within life sciences, diagnostics and biotechnology?",Danaher,danaher,https://cdn-images.himalayas.app/rhcvp7jjlzyl0n8zf6sba037iu76,Full Time,95000.0,120000.0,annual,['Senior'],USD,['United States'],"[-10, -9, -8, -7, -6, -5, 14]","['Sales-Specialist', 'Microscopy-Sales-Specialist', 'Scientific-Sales-Specialist', 'Imaging-Sales-Specialist', 'Life-Sciences-Sales-Specialist', 'Medical-Imaging-Sales-Specialist', 'Medical-Imaging-Sales', 'Diagnostic-Imaging-Sales', 'Diagnostic-Sales-Specialist', 'Ultrasound-Clinical-Sales-Specialist', 'Medical-Device-Sales-Specialist']",['Sales'],"<h3>Bring more to life.</h3><p>Are you ready to accelerate your potential and make a real difference within life sciences, diagnostics and biotechnology?</p><p>At Leica Microsystems, one of <a href=""https://himalayas.app/companies/danaher"">Danaher</a>’s 15+ operating companies, our work saves lives—and we’re all united by a shared commitment to innovate for tangible impact. </p><p>You’ll thrive in a culture of belonging where you and your unique viewpoint matter. And by harnessing <a href=""https://himalayas.app/companies/danaher"">Danaher</a>’s system of continuous improvement, you help turn ideas into impact – innovating at the speed of life.</p><h3>Shape the Future with Us!</h3><p>At Leica Microsystems, we have been shaping the future for over 175 years with groundbreaking optical and digital solutions.  With a culture rooted in customer focus, innovation, and teamwork, we lead the market in microscopy, imaging, and analysis, unveiling the invisible and empowering our customers to build a better, healthier world.</p><p>Joining Leica Microsystems means contributing to scientific discoveries and supporting surgeons in making critical decisions. Our advanced microscopes and AI-based image analysis solutions enable users to gain profound insights into development and engineering challenges. Here, you will work on meaningful projects alongside passionate colleagues, driving progress and pushing the boundaries of what’s possible.</p><p>Learn about the <a href=""https://himalayas.app/companies/danaher"">Danaher</a> Business System which makes everything possible.</p><p>The Sales Specialist Advanced Imaging (SSAI) is responsible for driving growth of Leica Microsystems' advanced imaging portfolio across assigned territories. This role develops new opportunities, creates demand within strategic accounts, and provides consultative sales expertise for advanced imaging technologies, including confocal, spinning disk, light sheet microscopy, software, and workflow solutions. The SSAI partners closely with Account Managers, Key Account Managers, and channel partners to identify, progress, and close opportunities while expanding Leica's presence within the life science research community.</p><p>This position reports to the Regional Sales Manager and is part of the Life Science Research Division and works remotely to cover accounts in the Southeast region.</p><p>In this role, you will have the opportunity to:</p><ul>
<li>Collaborate with Account Managers, Key Account Managers, and channel partners to develop and execute account plans that accelerate growth across advanced imaging opportunities while supporting Leica's commercial strategy in dealer-supported territories.</li>
<li>Generate new funnel and create demand by engaging principal investigators, imaging core facilities, translational research centers, and strategic accounts to identify customer needs and uncover future growth opportunities.</li>
<li>Provide consultative sales leadership and technical expertise across Leica's advanced imaging portfolio, including confocal, spinning disk, light sheet microscopy, software, and workflow solutions.</li>
<li>Lead team-selling activities from opportunity creation and qualification through proposal development, negotiation, and close.</li>
<li>Maintain rigorous standard work in managing your pipeline from opportunity creation to winning/closing a deal. This includes Salesforce opportunity management, visual management of forecast and funnel, identifying and executing on appropriate next actions to move an opportunity towards closing.</li>
</ul><p>The essential requirements of the job include:</p><ul>
<li>Bachelor’s degree in biology or chemistry, or a related scientific field</li>
<li> Experience with biological imaging applications and advanced microscopy techniques. Familiarity with fluorescence imaging, confocal microscopy, spinning disk, light sheet microscopy, optics, and related imaging workflows is preferred.</li>
<li>Multiple years in a research, quality-control or production environment, applying microscopy and digital imaging techniques to drive results</li>
<li>Demonstrated ability to identify customer needs, develop strategic account plans, influence complex buying decisions, and generate new business opportunities.</li>
<li>Strong relationship building, interpersonal and communication skills. Ability to learn sales techniques and tools.</li>
</ul><p>Travel, Motor Vehicle Record &amp; Physical/Environment Requirements:</p><ul>
<li>Ability to travel within assigned geography as well as potential international travel will be required.</li>
<li>Must have a valid driver’s license with an acceptable driving record</li>
</ul><p>It would be a plus if you also possess previous experience in:</p><ul>
<li>Previous sales experience of microscopy products is preferred</li>
<li>Teaching or training experience, providing training to others on how to apply imaging equipment and techniques to solve scientific questions</li>
</ul><p>Leica Microsystems, a <a href=""https://himalayas.app/companies/danaher"">Danaher</a> operating company, offers a broad array of comprehensive, competitive benefit programs that add value to our lives. Whether it’s a health care program or paid time off, our programs contribute to life beyond the job. Check out our benefits at <a href=""https://himalayas.app/companies/danaher"">Danaher</a> Benefits Info.</p><p>At Leica Microsystems we believe in designing a better, more sustainable workforce. We recognize the benefits of flexible, remote working arrangements for eligible roles and are committed to providing enriching careers, no matter the work arrangement. This position is eligible for a remote work arrangement in which you can work remotely from your home. Additional information about this remote work arrangement will be provided by your interview team. Explore the flexibility and challenge that working for Leica Microsystems can provide.</p><p>The salary range for this role is $95,000-120,000. This role is also eligible for Sales Incentive Compensation (SIP). The total target compensation at plan (base + SIP) is $160,000 – $185,000 annually. This is the range that we in good faith believe is the range of possible compensation for this role at the time of this posting. This range may be modified in the future.</p><p>We offer comprehensive package of benefits including paid time off, medical/dental/vision insurance and 401(k) to eligible employees.</p><p>Note: No amount of pay is considered to be wages or compensation until such amount is earned, vested, and determinable. The amount and availability of any bonus, commission, benefits, or any other form of compensation and benefits that are allocable to a particular employee remains in the Company's sole discretion unless and until paid and may be modified at the Company’s sole discretion, consistent with the law.</p><p>Join our winning team today. Together, we’ll accelerate the real-life impact of tomorrow’s science and technology. We partner with customers across the globe to help them solve their most complex challenges, architecting solutions that bring the power of science to life. </p><br><p>For more information, visit . </p><br><p><a href=""https://himalayas.app/companies/danaher"">Danaher</a> Corporation and all <a href=""https://himalayas.app/companies/danaher"">Danaher</a> Companies are committed to equal opportunity regardless of race, color, national origin, religion, sex, age, marital status, disability, veteran status, sexual orientation, gender identity, or other characteristics protected by law. </p><br><p>The U.S. EEO posters are available here.</p><br><p>For candidates who are based outside of New York City or who are applying for roles outside of New York City, for more information about conditions of any job offer please click here.</p><br><p>We comply with federal and state disability laws and make reasonable accommodations for applicants and employees with disabilities. If reasonable accommodation is needed to participate in the job application or interview process, to perform essential job functions, and/or to receive other benefits and privileges of employment, please contact:1-202-419-7762 or .</p><p>Originally posted on <a href=""https://himalayas.app"">Himalayas</a></p>",1790520841,1795704840,https://himalayas.app/companies/danaher/jobs/sales-specialist-advanced-imaging-southeast,https://himalayas.app/companies/danaher/jobs/sales-specialist-advanced-imaging-southeast
Solutions Sales Executive - South East Asia,"Solutions Sales ExecutiveLocation: Singapore (Exceptional English speaking candidates from Thailand, Vietnam or Malaysia also can apply) About Snic Solutions:Snic Solutions empowers manufacturing companies to unlock growth through smart manufacturing software solutions.",Snic Solutions,snic-solutions,https://cdn-images.himalayas.app/lkm44x3rq0q5dxu8p8g8w2lf5cm8,Full Time,50000.0,100000.0,annual,['Mid-level'],SGD,['Singapore'],[8],"['Sales-Executive', 'Software-Sales-Representative', 'B2B-Sales-Executive', 'Solution-Sales-Executive', 'Account-Executive', 'Senior-Solutions-Sales-Executive', 'Solution-Sales-Specialist', 'Sales']",['Sales'],"<h3>Solutions Sales Executive</h3><p>Location: Singapore (Exceptional English speaking candidates from Thailand, Vietnam or Malaysia also can apply)</p><h3>About <a href=""https://himalayas.app/companies/snic-solutions"">Snic Solutions</a>:</h3><p><a href=""https://himalayas.app/companies/snic-solutions"">Snic Solutions</a> empowers manufacturing companies to unlock growth through smart manufacturing software solutions.</p><p>Our offerings — including our proprietary Factory Thread platform and Manufacturing Operations Management Platform (APS, MES, LIMS, QMS) — help manufacturers digitalize their operations, improve efficiency, and scale without expensive technology overhauls.</p><p>We work with leading manufacturers across industries to deliver real outcomes, not just technology deployments.</p><h3>Role Summary:</h3><p>We are seeking a Solutions Sales Executive to drive new business growth in India. You will be responsible for building your own pipeline, prospecting into manufacturing companies, qualifying opportunities, and closing deals. You will work closely with the leadership team to execute <a href=""https://himalayas.app/companies/snic-solutions"">Snic Solutions</a>’ consultative, outcome-driven Go-To-Market strategy.</p><p>This is a pure sales role — focused on new logo acquisition and account expansion. Onboarding, delivery, and post-sale customer success will be managed by our Solutions Delivery and Support teams.</p><h3>Key Responsibilities:</h3><ul>
<li>Own the full sales cycle: From prospecting to contract signature for manufacturing software solutions.</li>
<li>Prospect and build pipeline: Identify and qualify leads through outbound outreach (LinkedIn, email, calls, networking, events).</li>
<li>Lead discovery conversations: Understand customer challenges and position Snic’s solutions to solve real business problems.</li>
<li>Create and deliver compelling proposals: Collaborate with Pre-Sales and Solution Architects to align solutions with customer needs.</li>
<li>Negotiate and close deals: Achieve monthly and quarterly sales targets with a focus on recurring revenue growth (ARR).</li>
<li>Manage CRM hygiene: Maintain accurate opportunity, contact, and activity records.</li>
<li>Be the face of <a href=""https://himalayas.app/companies/snic-solutions"">Snic Solutions</a>: Represent our brand, vision, and value proposition to manufacturing decision-makers (VPs, Directors, Plant Managers, C-Level).</li>
</ul><h3>Ideal Candidate Profile:</h3><ul>
<li>5–10 years of B2B sales experience (manufacturing software, enterprise SaaS, digital transformation solutions preferred).</li>
<li>Proven success in prospecting and closing new logos — not just managing inbound leads.</li>
<li>Experience selling into manufacturing, supply chain, or industrial sectors is a strong advantage.</li>
<li>Highly consultative sales style — ability to sell outcomes and value, not just product features.</li>
<li>Comfortable engaging mid-to-senior level manufacturing leaders (Director, VP, CXO).</li>
<li>Strong written and verbal communication skills in English.</li>
<li>Self-starter mindset — motivated to build pipeline and create opportunities.</li>
<li>Prior experience working in fast-growing, entrepreneurial environments preferred.</li>
</ul><h3>Performance Metrics:</h3><ul>
<li>New Annual Recurring Revenue (ARR) booked.</li>
<li>Number of new customer logos acquired.</li>
<li>Pipeline generation (qualified opportunities per quarter).</li>
<li>Expansion revenue from existing customers (upsells and cross-sells).</li>
</ul><h3>Compensation:</h3><ul>
<li>Competitive Base Salary</li>
<li>Attractive Incentive for On target earnings (OTE)</li>
</ul><h3>Why Join <a href=""https://himalayas.app/companies/snic-solutions"">Snic Solutions</a>?</h3><ul>
<li>Be part of a company pivoting to reshape digital transformation for manufacturers.</li>
<li>Work closely with a leadership team that values entrepreneurship, outcomes, and career growth.</li>
<li>Opportunity to build and grow your own territory in a high-potential market.</li>
</ul>Salary: 50 - 100k SGD per annum (base + OTE)<p>Originally posted on <a href=""https://himalayas.app"">Himalayas</a></p>",1790520832,1795704832,https://himalayas.app/companies/snic-solutions/jobs/solutions-sales-executive-south-east-asia,https://himalayas.app/companies/snic-solutions/jobs/solutions-sales-executive-south-east-asia
Account Executive - B2B Sales | Remote,"Account Executive – B2B Sales | RemotePosition Type: Full-Time, Remote Working Hours: U.",Pavago,pavago,https://cdn-images.himalayas.app/q1g70vrjd2dhofu56e7xj9wodx8e,Full Time,,,annual,['Mid-level'],,['Brazil'],"[-5, -4, -3, -2]","['Account-Executive', 'B2B-Sales', 'Sales-Executive', 'Business-Development', 'Sales', 'Remote-Account-Executive', 'Remote-B2B-Sales-Specialist']",['Sales'],"<h3><strong>Account Executive – B2B Sales | Remote</strong></h3><p><strong>Position Type:</strong> Full-Time, Remote<br><strong>Working Hours:</strong> U.S. Business Hours</p><h3><strong>About the Role</strong></h3><p>We’re hiring an experienced <strong>B2B Account Executive</strong> to own the sales process from qualified opportunity through close.</p><p>You’ll lead <strong>discovery, presentations, proposals, negotiations, and closing</strong> while maintaining a healthy pipeline and consistently achieving revenue targets.</p><h3><strong>What You’ll Do</strong></h3><ul>
<li>Conduct discovery and qualification calls</li>
<li>Understand customer challenges, goals, and buying criteria</li>
<li>Deliver compelling product or service presentations and demos</li>
<li>Develop proposals and commercial recommendations</li>
<li>Handle objections and negotiate pricing and terms</li>
<li>Manage opportunities throughout the sales cycle</li>
<li>Maintain accurate CRM records and sales forecasts</li>
<li>Consistently achieve monthly and quarterly revenue targets</li>
</ul><h3><strong>Requirements</strong></h3><ul>
<li><strong>3+ years of B2B closing experience</strong></li>
<li>Proven history of meeting or exceeding sales quotas</li>
<li>Strong <strong>discovery, negotiation, objection-handling, and closing skills</strong>
</li>
<li>Experience managing multiple opportunities simultaneously</li>
<li>Proficiency with CRM platforms</li>
<li>Excellent business communication and presentation skills</li>
<li>Results-driven and comfortable working against revenue targets</li>
</ul><h3><strong>What Success Looks Like</strong></h3><ul>
<li>Consistent quota attainment</li>
<li>Strong opportunity-to-close conversion rates</li>
<li>Healthy and well-managed sales pipeline</li>
<li>Accurate forecasting and CRM records</li>
<li>Consistent revenue generation</li>
</ul><h3><strong>Interview Process</strong></h3><ol>
<li>Initial Screening Call</li>
<li><strong>Spark Hire Video Interview</strong></li>
<li>Recruiter Interview</li>
<li>Client Interview</li>
<li>Offer &amp; Onboarding</li>
</ol><h3><strong>Apply Now</strong></h3><p>If you’re a proven B2B closer who can run strong discovery conversations, navigate objections, and consistently turn qualified opportunities into revenue, <strong>apply now and take ownership of a high-impact sales pipeline.</strong></p><p><strong>#AccountExecutive #B2BSales #Sales #Closing #BusinessDevelopment #SalesExecutive #AccountExecutiveJobs #RemoteSales #RemoteJobs</strong></p><p>Originally posted on <a href=""https://himalayas.app"">Himalayas</a></p>",1790520822,1795704822,https://himalayas.app/companies/pavago/jobs/account-executive-b2b-sales-remote-7146376614,https://himalayas.app/companies/pavago/jobs/account-executive-b2b-sales-remote-7146376614
AI Engineer,"AI EngineerCompany: X5 Labs Location: New York, NY preferred (open to anywhere in the US) Compensation: $200,000 - $350,000 + competitive equity Employment Type: Full-time Visa Sponsorship: Visa transfers (OPT, H-1B transfer) About X5 LabsX5 Labs is a stealth-mode AI startup building a work model for regulated enterprises: an ambient discovery platform that learns how employees actually work and then augments their workflows with custom AI models deployed end to end inside the customer's environment.",Transparent Search Group,transparent-search-group,,Full Time,200000.0,350000.0,annual,['Senior'],USD,['United States'],"[-10, -9, -8, -7, -6, -5, 14]","['AI-Engineer', 'Machine-Learning-Engineer', 'LLM-Engineer', 'Backend-Engineer', 'Software-Engineer', 'Artificial-Intelligence-Engineer', 'AI-ML-Engineer', 'AI-Engineering-Specialist', 'AI-Engineering', 'Artificial-Intelligence-Engineering', 'Python-AI-Engineer', 'AI-Engineering-Jobs', 'AI-Agent-Engineer']","['Data Science', 'Developer']","<h3>AI Engineer</h3><p><strong>Company:</strong> X5 Labs<br><strong>Location:</strong> New York, NY preferred (open to anywhere in the US)<br><strong>Compensation:</strong> $200,000 - $350,000 + competitive equity<br><strong>Employment Type:</strong> Full-time<br><strong>Visa Sponsorship:</strong> Visa transfers (OPT, H-1B transfer)</p><h3>About X5 Labs</h3><p>X5 Labs is a stealth-mode AI startup building a work model for regulated enterprises: an ambient discovery platform that learns how employees actually work and then augments their workflows with custom AI models deployed end to end inside the customer's environment. It focuses on large regulated enterprises, primarily top-tier banks and financial institutions.</p><p>X5 Labs is a Series A company ($23M raised), founded by repeat entrepreneurs with deep roots in Israeli intelligence and AI research, on their second venture together.</p><h3>The Role</h3><p>X5 Labs is hiring an AI Engineer (5-10+ years) to own the technical build-out of a custom AI/LLM platform for one of the top five banks in the US. You will join a tight-knit, execution-focused team that ships real AI in production, working closely with the core engineering team and a marquee enterprise customer. About 20% of the role is customer-facing.</p><h3>What You Will Do</h3><ul>
<li>Fork and customize the core AI/LLM platform for a top-five bank's environment, owning the build from architecture to deployment.</li>
<li>Work daily with the Israel-based engineering team to merge customer-specific work into the main product.</li>
<li>Own production deployments, integrations and reliability in a regulated enterprise environment.</li>
<li>Serve as the go-to technical contact for the bank's engineering stakeholders.</li>
<li>Troubleshoot complex production issues end to end with high independence.</li>
</ul><h3>What You Bring</h3><ul>
<li>5-10+ years of engineering experience</li>
<li>Production AI/LLM systems experience (GenAI, RAG)</li>
<li>Strong Python, Kubernetes, CI/CD, REST APIs and cloud (AWS, GCP or Azure)</li>
<li>Comfort as the technical point of contact for enterprise stakeholders</li>
<li>Experience in regulated enterprise environments (banking a plus)</li>
</ul><h3>Tech Stack</h3><p>Python, LLMs, GenAI, RAG, Kubernetes, CI/CD, REST APIs, AWS/GCP/Azure</p><p>Originally posted on <a href=""https://himalayas.app"">Himalayas</a></p>",1790520800,1795704799,https://himalayas.app/companies/transparent-search-group/jobs/ai-engineer,https://himalayas.app/companies/transparent-search-group/jobs/ai-engineer
"Manager, Email & SMS Marketing","OverviewLifeway is seeking a Manager, Email & SMS Marketing to lead email and SMS marketing initiatives, driving strategy, execution, and performance optimization while managing a team of strategists and specialists.",LifeWay Christian Resources,lifeway-christian-resources,https://cdn-images.himalayas.app/rcj3y0pljzfg4j98dzpigb25dkql,Full Time,,,annual,['Manager'],,['United States'],"[-10, -9, -8, -7, -6, -5, 14]","['Marketing-Manager', 'Email-Marketing-Manager', 'SMS-Marketing-Manager', 'Digital-Marketing-Manager', 'Campaign-Manager', 'CRM-and-E-Mail-Marketing-Manager', 'CRM-and-Email-Marketing-Team-Lead', 'Customer-Marketing-Manager', 'Senior-Multichannel-Marketing-Manager']",['Marketing'],"<h3>Overview</h3><p>Lifeway is seeking a <strong>Manager, Email &amp; SMS Marketing</strong> to lead email and SMS marketing initiatives, driving strategy, execution, and performance optimization while managing a team of strategists and specialists. This role ensures engaging, data-driven communication across channels, fostering brand loyalty and delivering measurable results aligned with Lifeway's mission to serve the church and make disciples. </p><h3>Why Lifeway?</h3><p>Lifeway is a place where you can bring your faith and work experience to join in the most important mission in the world: making disciples of Jesus Christ. Whether you’re a creator or storyteller, data guru or problem-solver, or anywhere in between, if you’re passionate about serving the church, we have a place for you. Lifeway has a strong Work from Anywhere (WFA) culture that is deeply focused on our mission and values. While headquartered in Nashville, TN, many of our positions are remote-eligible and have autonomy and flexibility with work hours. We provide equipment and resources to ensure team members have access to a productive and ergonomic workspace. We believe building relationships and community is essential to how we work together, so Lifeway hosts all-team meetings several times per year and provides travel for key team gatherings for remote-based team members. Full-time employees are eligible for enrollment in our comprehensive benefits plans including healthcare, vacation and sick time, holiday pay, care days, 401(k) plan, maternity and paternity leave, adoption assistance, mission trip time, and more. If this sounds like a place where you would be excited to serve the kingdom of God, we would love for you to join our team.</p><p><strong>Learn more about our culture at team.lifeway.com/culture-code</strong></p><p><strong>This is a remote position in the U.S. with occasional travel to Nashville for in-person team gatherings. </strong></p><h3>Responsibilities</h3><ul>
<li>Lives out Lifeway’s mission and values, showing deep commitment to Kingdom work</li>
<li>Manages and mentors a team of Email and SMS Marketing Strategists and Specialists. </li>
<li>Develops and implements a comprehensive email and SMS marketing strategy aligned with Lifeway’s goals. </li>
<li>Oversees campaign creation and deployment using platforms like Salesforce Marketing Cloud and Attentive. </li>
<li>Designs advanced audience segmentation strategies for personalized messaging. </li>
<li>Tracks and analyzes KPIs, driving continuous improvement in campaign performance. </li>
<li>Ensures compliance with regulations like CAN-SPAM, GDPR, and TCPA. </li>
<li>Collaborates with content, design, IT, and marketing teams to align strategies. </li>
<li>Optimizes workflows, templates, and automation for timely and high-quality campaigns. </li>
<li>Explores innovative trends, tools, and techniques to enhance engagement and retention. </li>
<li>Required travel to Nashville 2-4 times per year</li>
</ul><h3>Qualifications</h3><p><strong>Education</strong>Bachelor’s degree Marketing, Communications, or a related field, <em>required</em></p><p>Master’s degree, <em>preferred</em></p><p>Advanced graduate degree (PhD, etc.), <em>not required</em></p><p><strong>Skills, Knowledge, &amp; Experiences, <em>required</em></strong></p><ul>
<li>7+ years of experience managing email and SMS marketing campaigns using enterprise platforms such as Salesforce Marketing Cloud and SMS/Marketing Automation </li>
<li>3+ years of experience leading a marketing team, including hiring, coaching, and performance management </li>
<li>Strong proficiency in HTML, CSS, and dynamic content creation for building on-brand, visually engaging campaigns </li>
<li>Strong proficiency in data analysis and reporting, translating campaign metrics into strategic insights </li>
<li>Demonstrated expertise in audience segmentation, list management, and email/SMS marketing regulations (CAN-SPAM, GDPR, TCPA) </li>
<li>Strong project management and cross-functional collaboration skills across complex, multi-layered initiatives </li>
<li>Excellent written and verbal communication skills, including experience presenting to senior-level executives </li>
</ul><p>Actively involved in an evangelical Christian church</p><p><strong>Skills, Knowledge, &amp; Experiences, <em>preferred </em></strong></p><ul>
<li>Knowledge of JavaScript, PHP, SQL, and marketing automation platforms. </li>
<li>Experience with advanced analytics and direct mail integration. </li>
<li>Familiarity with standard internet and email technologies and protocols.  </li>
</ul><p>Originally posted on <a href=""https://himalayas.app"">Himalayas</a></p>",1790520799,1795704799,https://himalayas.app/companies/lifeway-christian-resources/jobs/manager-email-sms-marketing,https://himalayas.app/companies/lifeway-christian-resources/jobs/manager-email-sms-marketing
Recruitment Operations & Sourcing Specialist,About the RoleOur partner is a roll-up startup focused on staffing and AI automation.,AllCares,allcares,,Full Time,,,annual,['Mid-level'],,"['Bulgaria', 'Croatia', 'Czechia', 'Poland', 'Slovakia']","[1, 2]","['Recruiter', 'Talent-Acquisition-Specialist', 'Sourcing-Specialist', 'Talent-Acquisition-Operations-Specialist', 'Staffing-Coordinator', 'Talent-Sourcing-Specialist', 'Recruitment-Operations-Analyst', 'Senior-Talent-Acquisition-Sourcing-Specialist', 'Talent-Operations-Specialist', 'HR-Recruitment-Specialist']",['Human Resources'],"<div class=""description"">
<h3><strong>About the Role</strong></h3>
<p>Our partner is a roll-up startup focused on staffing and AI automation. We acquire and operate staffing businesses and use AI to automate and scale how they run — combining the cash flow and customer base of established staffing operations with modern automation. They're NYC-based and early-stage.</p>
<h3>Job Posting &amp; Platform Management</h3>
<ul>
<li>Create, publish, and maintain job postings across LinkedIn, Indeed, BrightMove, and other appropriate channels. </li>
<li>Post roles for clients and partners through Pioneers, the Indeed extension, and email requests. </li>
<li>Follow platform-specific posting and cleanup guidelines to keep listings accurate, consistent, and up to date.</li>
<li>Refresh, edit, and close out postings as roles progress or expire.</li>
</ul>
<h3>Applicant Data &amp; Pipeline Operations</h3>
<ul>
<li>Manage applicant scraping and capture applicant details accurately.</li>
<li>Download applicant CVs and organize them in our database.</li>
<li>Keep the candidate database clean and de-duplicated.</li>
</ul>
<h3>Candidate Sourcing</h3>
<ul>
<li>Proactively source candidates for active roles using LinkedIn, Indeed, HireEZ, and other channels.</li>
<li>Build and maintain talent pipelines for recurring and high-priority openings.</li>
<li>Conduct initial outreach to prospective candidates and track engagement.</li>
</ul>
<h3><strong><strong>What You’ll Bring</strong></strong></h3>
<ul>
<li>Prior experience in recruitment operations, sourcing, talent acquisition support, or a similar high-volume coordination role.</li>
<li>Hands-on familiarity with job boards and ATS platforms (LinkedIn, Indeed, and BrightMove strongly preferred).</li>
<li>Strong sourcing instincts and the ability to find and engage qualified candidates independently.</li>
<li>Excellent attention to detail and a methodical approach to data entry and record-keeping.</li>
<li>Comfort following structured, platform-specific guidelines and process documentation.</li>
<li>A reliable internet connection and the ability to work full-time hours with consistent availability.</li>
</ul>
<h3><strong>Nice to Have</strong></h3>
<ul>
<li>Experience working with MSPs or staffing agencies.</li>
<li>Familiarity with applicant scraping tools and browser extensions.</li>
<li>Experience supporting US-based or international clients across time zones.</li>
</ul>
</div><p>Originally posted on <a href=""https://himalayas.app"">Himalayas</a></p>",1790520779,1795704778,https://himalayas.app/companies/allcares/jobs/recruitment-operations-sourcing-specialist,https://himalayas.app/companies/allcares/jobs/recruitment-operations-sourcing-specialist
